"","country_name","year","v2x_cspart"
"1","Mexico",1994,0.477
"2","Mexico",1995,0.529
"3","Mexico",1996,0.529
"4","Mexico",1997,0.594
"5","Mexico",1998,0.594
"6","Mexico",1999,0.623
"7","Mexico",2000,0.746
"8","Mexico",2001,0.752
"9","Mexico",2002,0.752
"10","Mexico",2003,0.752
"11","Mexico",2004,0.723
"12","Mexico",2005,0.723
"13","Mexico",2006,0.723
"14","Mexico",2007,0.723
"15","Mexico",2008,0.723
"16","Mexico",2009,0.723
"17","Mexico",2010,0.727
"18","Mexico",2011,0.727
"19","Mexico",2012,0.727
"20","Mexico",2013,0.639
"21","Mexico",2014,0.645
"22","Suriname",1994,0.768
"23","Suriname",1995,0.768
"24","Suriname",1996,0.785
"25","Suriname",1997,0.785
"26","Suriname",1998,0.785
"27","Suriname",1999,0.785
"28","Suriname",2000,0.821
"29","Suriname",2001,0.821
"30","Suriname",2002,0.821
"31","Suriname",2003,0.821
"32","Suriname",2004,0.821
"33","Suriname",2005,0.821
"34","Suriname",2006,0.813
"35","Suriname",2007,0.813
"36","Suriname",2008,0.81
"37","Suriname",2009,0.81
"38","Suriname",2010,0.815
"39","Suriname",2011,0.854
"40","Suriname",2012,0.854
"41","Suriname",2013,0.761
"42","Suriname",2014,0.761
"43","Ghana",1994,0.864
"44","Ghana",1995,0.864
"45","Ghana",1996,0.897
"46","Ghana",1997,0.898
"47","Ghana",1998,0.898
"48","Ghana",1999,0.915
"49","Ghana",2000,0.898
"50","Ghana",2001,0.898
"51","Ghana",2002,0.898
"52","Ghana",2003,0.914
"53","Ghana",2004,0.914
"54","Ghana",2005,0.914
"55","Ghana",2006,0.914
"56","Ghana",2007,0.914
"57","Ghana",2008,0.914
"58","Ghana",2009,0.914
"59","Ghana",2010,0.914
"60","Ghana",2011,0.914
"61","Ghana",2012,0.919
"62","Ghana",2013,0.868
"63","Ghana",2014,0.868
"64","South Africa",1994,0.891
"65","South Africa",1995,0.899
"66","South Africa",1996,0.915
"67","South Africa",1997,0.915
"68","South Africa",1998,0.881
"69","South Africa",1999,0.881
"70","South Africa",2000,0.886
"71","South Africa",2001,0.886
"72","South Africa",2002,0.886
"73","South Africa",2003,0.886
"74","South Africa",2004,0.886
"75","South Africa",2005,0.886
"76","South Africa",2006,0.886
"77","South Africa",2007,0.886
"78","South Africa",2008,0.886
"79","South Africa",2009,0.886
"80","South Africa",2010,0.879
"81","South Africa",2011,0.879
"82","South Africa",2012,0.879
"83","South Africa",2013,0.829
"84","South Africa",2014,0.829
"85","Burma/Myanmar",1994,0.181
"86","Burma/Myanmar",1995,0.181
"87","Burma/Myanmar",1996,0.181
"88","Burma/Myanmar",1997,0.181
"89","Burma/Myanmar",1998,0.181
"90","Burma/Myanmar",1999,0.181
"91","Burma/Myanmar",2000,0.181
"92","Burma/Myanmar",2001,0.181
"93","Burma/Myanmar",2002,0.181
"94","Burma/Myanmar",2003,0.181
"95","Burma/Myanmar",2004,0.181
"96","Burma/Myanmar",2005,0.181
"97","Burma/Myanmar",2006,0.181
"98","Burma/Myanmar",2007,0.181
"99","Burma/Myanmar",2008,0.181
"100","Burma/Myanmar",2009,0.181
"101","Burma/Myanmar",2010,0.326
"102","Burma/Myanmar",2011,0.554
"103","Burma/Myanmar",2012,0.619
"104","Burma/Myanmar",2013,0.623
"105","Burma/Myanmar",2014,0.662
"106","Russia",1994,0.699
"107","Russia",1995,0.699
"108","Russia",1996,0.699
"109","Russia",1997,0.699
"110","Russia",1998,0.699
"111","Russia",1999,0.628
"112","Russia",2000,0.556
"113","Russia",2001,0.544
"114","Russia",2002,0.498
"115","Russia",2003,0.498
"116","Russia",2004,0.498
"117","Russia",2005,0.415
"118","Russia",2006,0.415
"119","Russia",2007,0.439
"120","Russia",2008,0.439
"121","Russia",2009,0.437
"122","Russia",2010,0.394
"123","Russia",2011,0.403
"124","Russia",2012,0.511
"125","Russia",2013,0.434
"126","Russia",2014,0.339
"127","Albania",1994,0.447
"128","Albania",1995,0.447
"129","Albania",1996,0.447
"130","Albania",1997,0.447
"131","Albania",1998,0.557
"132","Albania",1999,0.564
"133","Albania",2000,0.565
"134","Albania",2001,0.565
"135","Albania",2002,0.565
"136","Albania",2003,0.597
"137","Albania",2004,0.692
"138","Albania",2005,0.712
"139","Albania",2006,0.712
"140","Albania",2007,0.712
"141","Albania",2008,0.691
"142","Albania",2009,0.703
"143","Albania",2010,0.703
"144","Albania",2011,0.703
"145","Albania",2012,0.703
"146","Albania",2013,0.556
"147","Albania",2014,0.565
"148","Egypt",1994,0.304
"149","Egypt",1995,0.304
"150","Egypt",1996,0.304
"151","Egypt",1997,0.304
"152","Egypt",1998,0.308
"153","Egypt",1999,0.308
"154","Egypt",2000,0.273
"155","Egypt",2001,0.273
"156","Egypt",2002,0.354
"157","Egypt",2003,0.354
"158","Egypt",2004,0.288
"159","Egypt",2005,0.288
"160","Egypt",2006,0.288
"161","Egypt",2007,0.302
"162","Egypt",2008,0.302
"163","Egypt",2009,0.269
"164","Egypt",2010,0.28
"165","Egypt",2011,0.359
"166","Egypt",2012,0.386
"167","Egypt",2013,0.257
"168","Egypt",2014,0.225
"169","Yemen",1994,0.291
"170","Yemen",1995,0.292
"171","Yemen",1996,0.292
"172","Yemen",1997,0.292
"173","Yemen",1998,0.292
"174","Yemen",1999,0.292
"175","Yemen",2000,0.312
"176","Yemen",2001,0.276
"177","Yemen",2002,0.276
"178","Yemen",2003,0.276
"179","Yemen",2004,0.276
"180","Yemen",2005,0.276
"181","Yemen",2006,0.276
"182","Yemen",2007,0.276
"183","Yemen",2008,0.276
"184","Yemen",2009,0.276
"185","Yemen",2010,0.25
"186","Yemen",2011,0.366
"187","Yemen",2012,0.547
"188","Yemen",2013,0.525
"189","Yemen",2014,0.393
"190","Colombia",1994,0.664
"191","Colombia",1995,0.664
"192","Colombia",1996,0.664
"193","Colombia",1997,0.664
"194","Colombia",1998,0.692
"195","Colombia",1999,0.692
"196","Colombia",2000,0.692
"197","Colombia",2001,0.692
"198","Colombia",2002,0.692
"199","Colombia",2003,0.675
"200","Colombia",2004,0.675
"201","Colombia",2005,0.675
"202","Colombia",2006,0.644
"203","Colombia",2007,0.644
"204","Colombia",2008,0.644
"205","Colombia",2009,0.644
"206","Colombia",2010,0.74
"207","Colombia",2011,0.761
"208","Colombia",2012,0.761
"209","Colombia",2013,0.751
"210","Colombia",2014,0.759
"211","Poland",1994,0.887
"212","Poland",1995,0.887
"213","Poland",1996,0.887
"214","Poland",1997,0.887
"215","Poland",1998,0.887
"216","Poland",1999,0.887
"217","Poland",2000,0.887
"218","Poland",2001,0.887
"219","Poland",2002,0.887
"220","Poland",2003,0.887
"221","Poland",2004,0.887
"222","Poland",2005,0.887
"223","Poland",2006,0.856
"224","Poland",2007,0.892
"225","Poland",2008,0.895
"226","Poland",2009,0.898
"227","Poland",2010,0.924
"228","Poland",2011,0.886
"229","Poland",2012,0.854
"230","Poland",2013,0.866
"231","Poland",2014,0.868
"232","Brazil",1994,0.848
"233","Brazil",1995,0.848
"234","Brazil",1996,0.898
"235","Brazil",1997,0.898
"236","Brazil",1998,0.895
"237","Brazil",1999,0.895
"238","Brazil",2000,0.895
"239","Brazil",2001,0.895
"240","Brazil",2002,0.895
"241","Brazil",2003,0.945
"242","Brazil",2004,0.945
"243","Brazil",2005,0.945
"244","Brazil",2006,0.945
"245","Brazil",2007,0.945
"246","Brazil",2008,0.936
"247","Brazil",2009,0.936
"248","Brazil",2010,0.939
"249","Brazil",2011,0.934
"250","Brazil",2012,0.928
"251","Brazil",2013,0.914
"252","Brazil",2014,0.914
"253","El Salvador",1994,0.681
"254","El Salvador",1995,0.648
"255","El Salvador",1996,0.682
"256","El Salvador",1997,0.682
"257","El Salvador",1998,0.682
"258","El Salvador",1999,0.682
"259","El Salvador",2000,0.682
"260","El Salvador",2001,0.682
"261","El Salvador",2002,0.682
"262","El Salvador",2003,0.682
"263","El Salvador",2004,0.687
"264","El Salvador",2005,0.687
"265","El Salvador",2006,0.687
"266","El Salvador",2007,0.687
"267","El Salvador",2008,0.687
"268","El Salvador",2009,0.747
"269","El Salvador",2010,0.809
"270","El Salvador",2011,0.775
"271","El Salvador",2012,0.775
"272","El Salvador",2013,0.73
"273","El Salvador",2014,0.725
"274","Bangladesh",1994,0.669
"275","Bangladesh",1995,0.727
"276","Bangladesh",1996,0.727
"277","Bangladesh",1997,0.817
"278","Bangladesh",1998,0.817
"279","Bangladesh",1999,0.817
"280","Bangladesh",2000,0.817
"281","Bangladesh",2001,0.817
"282","Bangladesh",2002,0.733
"283","Bangladesh",2003,0.733
"284","Bangladesh",2004,0.733
"285","Bangladesh",2005,0.733
"286","Bangladesh",2006,0.733
"287","Bangladesh",2007,0.713
"288","Bangladesh",2008,0.713
"289","Bangladesh",2009,0.79
"290","Bangladesh",2010,0.772
"291","Bangladesh",2011,0.805
"292","Bangladesh",2012,0.756
"293","Bangladesh",2013,0.694
"294","Bangladesh",2014,0.715
"295","Bolivia",1994,0.733
"296","Bolivia",1995,0.707
"297","Bolivia",1996,0.707
"298","Bolivia",1997,0.707
"299","Bolivia",1998,0.707
"300","Bolivia",1999,0.707
"301","Bolivia",2000,0.778
"302","Bolivia",2001,0.778
"303","Bolivia",2002,0.79
"304","Bolivia",2003,0.836
"305","Bolivia",2004,0.832
"306","Bolivia",2005,0.838
"307","Bolivia",2006,0.922
"308","Bolivia",2007,0.957
"309","Bolivia",2008,0.957
"310","Bolivia",2009,0.957
"311","Bolivia",2010,0.953
"312","Bolivia",2011,0.953
"313","Bolivia",2012,0.909
"314","Bolivia",2013,0.924
"315","Bolivia",2014,0.935
"316","Haiti",1994,0.443
"317","Haiti",1995,0.494
"318","Haiti",1996,0.494
"319","Haiti",1997,0.494
"320","Haiti",1998,0.494
"321","Haiti",1999,0.494
"322","Haiti",2000,0.494
"323","Haiti",2001,0.494
"324","Haiti",2002,0.494
"325","Haiti",2003,0.559
"326","Haiti",2004,0.472
"327","Haiti",2005,0.459
"328","Haiti",2006,0.503
"329","Haiti",2007,0.529
"330","Haiti",2008,0.529
"331","Haiti",2009,0.529
"332","Haiti",2010,0.529
"333","Haiti",2011,0.529
"334","Haiti",2012,0.529
"335","Haiti",2013,0.424
"336","Haiti",2014,0.424
"337","Honduras",1994,0.618
"338","Honduras",1995,0.652
"339","Honduras",1996,0.652
"340","Honduras",1997,0.652
"341","Honduras",1998,0.652
"342","Honduras",1999,0.652
"343","Honduras",2000,0.652
"344","Honduras",2001,0.652
"345","Honduras",2002,0.652
"346","Honduras",2003,0.652
"347","Honduras",2004,0.652
"348","Honduras",2005,0.639
"349","Honduras",2006,0.639
"350","Honduras",2007,0.639
"351","Honduras",2008,0.639
"352","Honduras",2009,0.64
"353","Honduras",2010,0.611
"354","Honduras",2011,0.604
"355","Honduras",2012,0.604
"356","Honduras",2013,0.722
"357","Honduras",2014,0.67
"358","Mali",1994,0.909
"359","Mali",1995,0.909
"360","Mali",1996,0.909
"361","Mali",1997,0.909
"362","Mali",1998,0.909
"363","Mali",1999,0.909
"364","Mali",2000,0.909
"365","Mali",2001,0.909
"366","Mali",2002,0.909
"367","Mali",2003,0.909
"368","Mali",2004,0.909
"369","Mali",2005,0.909
"370","Mali",2006,0.909
"371","Mali",2007,0.909
"372","Mali",2008,0.909
"373","Mali",2009,0.909
"374","Mali",2010,0.909
"375","Mali",2011,0.909
"376","Mali",2012,0.914
"377","Mali",2013,0.9
"378","Mali",2014,0.882
"379","Pakistan",1994,0.494
"380","Pakistan",1995,0.494
"381","Pakistan",1996,0.494
"382","Pakistan",1997,0.494
"383","Pakistan",1998,0.494
"384","Pakistan",1999,0.629
"385","Pakistan",2000,0.713
"386","Pakistan",2001,0.713
"387","Pakistan",2002,0.725
"388","Pakistan",2003,0.725
"389","Pakistan",2004,0.725
"390","Pakistan",2005,0.725
"391","Pakistan",2006,0.725
"392","Pakistan",2007,0.725
"393","Pakistan",2008,0.76
"394","Pakistan",2009,0.724
"395","Pakistan",2010,0.732
"396","Pakistan",2011,0.732
"397","Pakistan",2012,0.751
"398","Pakistan",2013,0.688
"399","Pakistan",2014,0.694
"400","Peru",1994,0.425
"401","Peru",1995,0.425
"402","Peru",1996,0.425
"403","Peru",1997,0.301
"404","Peru",1998,0.301
"405","Peru",1999,0.301
"406","Peru",2000,0.515
"407","Peru",2001,0.804
"408","Peru",2002,0.821
"409","Peru",2003,0.84
"410","Peru",2004,0.84
"411","Peru",2005,0.84
"412","Peru",2006,0.77
"413","Peru",2007,0.811
"414","Peru",2008,0.811
"415","Peru",2009,0.811
"416","Peru",2010,0.8
"417","Peru",2011,0.847
"418","Peru",2012,0.847
"419","Peru",2013,0.761
"420","Peru",2014,0.761
"421","Senegal",1994,0.72
"422","Senegal",1995,0.76
"423","Senegal",1996,0.76
"424","Senegal",1997,0.76
"425","Senegal",1998,0.76
"426","Senegal",1999,0.76
"427","Senegal",2000,0.849
"428","Senegal",2001,0.849
"429","Senegal",2002,0.849
"430","Senegal",2003,0.849
"431","Senegal",2004,0.849
"432","Senegal",2005,0.849
"433","Senegal",2006,0.849
"434","Senegal",2007,0.849
"435","Senegal",2008,0.845
"436","Senegal",2009,0.845
"437","Senegal",2010,0.803
"438","Senegal",2011,0.803
"439","Senegal",2012,0.845
"440","Senegal",2013,0.784
"441","Senegal",2014,0.723
"442","South Sudan",2011,0.53
"443","South Sudan",2012,0.492
"444","South Sudan",2013,0.494
"445","South Sudan",2014,0.432
"446","Sudan",1994,0.145
"447","Sudan",1995,0.145
"448","Sudan",1996,0.145
"449","Sudan",1997,0.145
"450","Sudan",1998,0.145
"451","Sudan",1999,0.115
"452","Sudan",2000,0.2
"453","Sudan",2001,0.396
"454","Sudan",2002,0.396
"455","Sudan",2003,0.396
"456","Sudan",2004,0.396
"457","Sudan",2005,0.429
"458","Sudan",2006,0.415
"459","Sudan",2007,0.415
"460","Sudan",2008,0.415
"461","Sudan",2009,0.415
"462","Sudan",2010,0.447
"463","Sudan",2011,0.447
"464","Sudan",2012,0.461
"465","Sudan",2013,0.464
"466","Sudan",2014,0.48
"467","Vietnam",1994,0.755
"468","Vietnam",1995,0.755
"469","Vietnam",1996,0.736
"470","Vietnam",1997,0.737
"471","Vietnam",1998,0.737
"472","Vietnam",1999,0.737
"473","Vietnam",2000,0.758
"474","Vietnam",2001,0.758
"475","Vietnam",2002,0.774
"476","Vietnam",2003,0.774
"477","Vietnam",2004,0.774
"478","Vietnam",2005,0.774
"479","Vietnam",2006,0.757
"480","Vietnam",2007,0.799
"481","Vietnam",2008,0.817
"482","Vietnam",2009,0.79
"483","Vietnam",2010,0.805
"484","Vietnam",2011,0.805
"485","Vietnam",2012,0.793
"486","Vietnam",2013,0.774
"487","Vietnam",2014,0.791
"488","Afghanistan",1994,0.223
"489","Afghanistan",1995,0.14
"490","Afghanistan",1996,0.056
"491","Afghanistan",1997,0.056
"492","Afghanistan",1998,0.056
"493","Afghanistan",1999,0.056
"494","Afghanistan",2000,0.056
"495","Afghanistan",2001,0.123
"496","Afghanistan",2002,0.677
"497","Afghanistan",2003,0.624
"498","Afghanistan",2004,0.704
"499","Afghanistan",2005,0.694
"500","Afghanistan",2006,0.668
"501","Afghanistan",2007,0.621
"502","Afghanistan",2008,0.621
"503","Afghanistan",2009,0.69
"504","Afghanistan",2010,0.656
"505","Afghanistan",2011,0.656
"506","Afghanistan",2012,0.656
"507","Afghanistan",2013,0.68
"508","Afghanistan",2014,0.68
"509","Argentina",1994,0.83
"510","Argentina",1995,0.83
"511","Argentina",1996,0.83
"512","Argentina",1997,0.83
"513","Argentina",1998,0.83
"514","Argentina",1999,0.83
"515","Argentina",2000,0.83
"516","Argentina",2001,0.83
"517","Argentina",2002,0.879
"518","Argentina",2003,0.879
"519","Argentina",2004,0.866
"520","Argentina",2005,0.867
"521","Argentina",2006,0.867
"522","Argentina",2007,0.829
"523","Argentina",2008,0.829
"524","Argentina",2009,0.829
"525","Argentina",2010,0.819
"526","Argentina",2011,0.808
"527","Argentina",2012,0.808
"528","Argentina",2013,0.823
"529","Argentina",2014,0.823
"530","Ethiopia",1994,0.377
"531","Ethiopia",1995,0.377
"532","Ethiopia",1996,0.377
"533","Ethiopia",1997,0.377
"534","Ethiopia",1998,0.377
"535","Ethiopia",1999,0.377
"536","Ethiopia",2000,0.377
"537","Ethiopia",2001,0.377
"538","Ethiopia",2002,0.377
"539","Ethiopia",2003,0.377
"540","Ethiopia",2004,0.377
"541","Ethiopia",2005,0.377
"542","Ethiopia",2006,0.342
"543","Ethiopia",2007,0.342
"544","Ethiopia",2008,0.342
"545","Ethiopia",2009,0.297
"546","Ethiopia",2010,0.383
"547","Ethiopia",2011,0.37
"548","Ethiopia",2012,0.346
"549","Ethiopia",2013,0.404
"550","Ethiopia",2014,0.404
"551","India",1994,0.82
"552","India",1995,0.82
"553","India",1996,0.82
"554","India",1997,0.82
"555","India",1998,0.82
"556","India",1999,0.82
"557","India",2000,0.82
"558","India",2001,0.82
"559","India",2002,0.82
"560","India",2003,0.874
"561","India",2004,0.818
"562","India",2005,0.813
"563","India",2006,0.813
"564","India",2007,0.813
"565","India",2008,0.813
"566","India",2009,0.813
"567","India",2010,0.84
"568","India",2011,0.861
"569","India",2012,0.875
"570","India",2013,0.843
"571","India",2014,0.698
"572","Kenya",1994,0.754
"573","Kenya",1995,0.754
"574","Kenya",1996,0.754
"575","Kenya",1997,0.783
"576","Kenya",1998,0.751
"577","Kenya",1999,0.751
"578","Kenya",2000,0.774
"579","Kenya",2001,0.782
"580","Kenya",2002,0.777
"581","Kenya",2003,0.875
"582","Kenya",2004,0.875
"583","Kenya",2005,0.875
"584","Kenya",2006,0.853
"585","Kenya",2007,0.842
"586","Kenya",2008,0.842
"587","Kenya",2009,0.842
"588","Kenya",2010,0.874
"589","Kenya",2011,0.852
"590","Kenya",2012,0.883
"591","Kenya",2013,0.86
"592","Kenya",2014,0.86
"593","North Korea",1994,0.042
"594","North Korea",1995,0.042
"595","North Korea",1996,0.042
"596","North Korea",1997,0.042
"597","North Korea",1998,0.031
"598","North Korea",1999,0.031
"599","North Korea",2000,0.031
"600","North Korea",2001,0.031
"601","North Korea",2002,0.031
"602","North Korea",2003,0.031
"603","North Korea",2004,0.031
"604","North Korea",2005,0.031
"605","North Korea",2006,0.031
"606","North Korea",2007,0.031
"607","North Korea",2008,0.031
"608","North Korea",2009,0.031
"609","North Korea",2010,0.031
"610","North Korea",2011,0.031
"611","North Korea",2012,0.031
"612","North Korea",2013,0.035
"613","North Korea",2014,0.035
"614","South Korea",1994,0.779
"615","South Korea",1995,0.779
"616","South Korea",1996,0.779
"617","South Korea",1997,0.779
"618","South Korea",1998,0.927
"619","South Korea",1999,0.927
"620","South Korea",2000,0.921
"621","South Korea",2001,0.921
"622","South Korea",2002,0.94
"623","South Korea",2003,0.919
"624","South Korea",2004,0.927
"625","South Korea",2005,0.927
"626","South Korea",2006,0.927
"627","South Korea",2007,0.92
"628","South Korea",2008,0.87
"629","South Korea",2009,0.87
"630","South Korea",2010,0.868
"631","South Korea",2011,0.885
"632","South Korea",2012,0.885
"633","South Korea",2013,0.778
"634","South Korea",2014,0.778
"635","Kosovo",1999,0.408
"636","Kosovo",2000,0.497
"637","Kosovo",2001,0.497
"638","Kosovo",2002,0.497
"639","Kosovo",2003,0.497
"640","Kosovo",2004,0.497
"641","Kosovo",2005,0.497
"642","Kosovo",2006,0.497
"643","Kosovo",2007,0.497
"644","Kosovo",2008,0.461
"645","Kosovo",2009,0.461
"646","Kosovo",2010,0.431
"647","Kosovo",2011,0.485
"648","Kosovo",2012,0.459
"649","Kosovo",2013,0.445
"650","Kosovo",2014,0.445
"651","Lebanon",1994,0.426
"652","Lebanon",1995,0.426
"653","Lebanon",1996,0.436
"654","Lebanon",1997,0.446
"655","Lebanon",1998,0.446
"656","Lebanon",1999,0.446
"657","Lebanon",2000,0.458
"658","Lebanon",2001,0.439
"659","Lebanon",2002,0.439
"660","Lebanon",2003,0.439
"661","Lebanon",2004,0.439
"662","Lebanon",2005,0.676
"663","Lebanon",2006,0.737
"664","Lebanon",2007,0.682
"665","Lebanon",2008,0.649
"666","Lebanon",2009,0.748
"667","Lebanon",2010,0.713
"668","Lebanon",2011,0.733
"669","Lebanon",2012,0.75
"670","Lebanon",2013,0.785
"671","Lebanon",2014,0.74
"672","Nigeria",1994,0.891
"673","Nigeria",1995,0.821
"674","Nigeria",1996,0.821
"675","Nigeria",1997,0.807
"676","Nigeria",1998,0.865
"677","Nigeria",1999,0.866
"678","Nigeria",2000,0.866
"679","Nigeria",2001,0.866
"680","Nigeria",2002,0.866
"681","Nigeria",2003,0.866
"682","Nigeria",2004,0.866
"683","Nigeria",2005,0.866
"684","Nigeria",2006,0.866
"685","Nigeria",2007,0.866
"686","Nigeria",2008,0.866
"687","Nigeria",2009,0.866
"688","Nigeria",2010,0.887
"689","Nigeria",2011,0.903
"690","Nigeria",2012,0.886
"691","Nigeria",2013,0.884
"692","Nigeria",2014,0.884
"693","Philippines",1994,0.84
"694","Philippines",1995,0.84
"695","Philippines",1996,0.84
"696","Philippines",1997,0.84
"697","Philippines",1998,0.84
"698","Philippines",1999,0.84
"699","Philippines",2000,0.84
"700","Philippines",2001,0.84
"701","Philippines",2002,0.84
"702","Philippines",2003,0.84
"703","Philippines",2004,0.84
"704","Philippines",2005,0.833
"705","Philippines",2006,0.833
"706","Philippines",2007,0.833
"707","Philippines",2008,0.874
"708","Philippines",2009,0.874
"709","Philippines",2010,0.869
"710","Philippines",2011,0.869
"711","Philippines",2012,0.869
"712","Philippines",2013,0.869
"713","Philippines",2014,0.869
"714","Tanzania",1994,0.701
"715","Tanzania",1995,0.796
"716","Tanzania",1996,0.801
"717","Tanzania",1997,0.801
"718","Tanzania",1998,0.801
"719","Tanzania",1999,0.801
"720","Tanzania",2000,0.801
"721","Tanzania",2001,0.801
"722","Tanzania",2002,0.801
"723","Tanzania",2003,0.801
"724","Tanzania",2004,0.801
"725","Tanzania",2005,0.794
"726","Tanzania",2006,0.794
"727","Tanzania",2007,0.794
"728","Tanzania",2008,0.794
"729","Tanzania",2009,0.794
"730","Tanzania",2010,0.784
"731","Tanzania",2011,0.784
"732","Tanzania",2012,0.784
"733","Tanzania",2013,0.792
"734","Tanzania",2014,0.792
"735","Thailand",1994,0.742
"736","Thailand",1995,0.742
"737","Thailand",1996,0.788
"738","Thailand",1997,0.788
"739","Thailand",1998,0.76
"740","Thailand",1999,0.76
"741","Thailand",2000,0.76
"742","Thailand",2001,0.76
"743","Thailand",2002,0.76
"744","Thailand",2003,0.633
"745","Thailand",2004,0.741
"746","Thailand",2005,0.741
"747","Thailand",2006,0.716
"748","Thailand",2007,0.755
"749","Thailand",2008,0.704
"750","Thailand",2009,0.704
"751","Thailand",2010,0.716
"752","Thailand",2011,0.716
"753","Thailand",2012,0.716
"754","Thailand",2013,0.63
"755","Thailand",2014,0.644
"756","Uganda",1994,0.82
"757","Uganda",1995,0.873
"758","Uganda",1996,0.898
"759","Uganda",1997,0.861
"760","Uganda",1998,0.861
"761","Uganda",1999,0.861
"762","Uganda",2000,0.861
"763","Uganda",2001,0.916
"764","Uganda",2002,0.846
"765","Uganda",2003,0.846
"766","Uganda",2004,0.846
"767","Uganda",2005,0.846
"768","Uganda",2006,0.878
"769","Uganda",2007,0.859
"770","Uganda",2008,0.823
"771","Uganda",2009,0.875
"772","Uganda",2010,0.877
"773","Uganda",2011,0.887
"774","Uganda",2012,0.854
"775","Uganda",2013,0.794
"776","Uganda",2014,0.797
"777","Venezuela",1994,0.797
"778","Venezuela",1995,0.797
"779","Venezuela",1996,0.838
"780","Venezuela",1997,0.838
"781","Venezuela",1998,0.797
"782","Venezuela",1999,0.69
"783","Venezuela",2000,0.496
"784","Venezuela",2001,0.496
"785","Venezuela",2002,0.575
"786","Venezuela",2003,0.606
"787","Venezuela",2004,0.606
"788","Venezuela",2005,0.614
"789","Venezuela",2006,0.551
"790","Venezuela",2007,0.578
"791","Venezuela",2008,0.489
"792","Venezuela",2009,0.561
"793","Venezuela",2010,0.582
"794","Venezuela",2011,0.582
"795","Venezuela",2012,0.485
"796","Venezuela",2013,0.401
"797","Venezuela",2014,0.368
"798","Benin",1994,0.908
"799","Benin",1995,0.908
"800","Benin",1996,0.908
"801","Benin",1997,0.917
"802","Benin",1998,0.917
"803","Benin",1999,0.917
"804","Benin",2000,0.917
"805","Benin",2001,0.917
"806","Benin",2002,0.917
"807","Benin",2003,0.917
"808","Benin",2004,0.917
"809","Benin",2005,0.875
"810","Benin",2006,0.875
"811","Benin",2007,0.88
"812","Benin",2008,0.874
"813","Benin",2009,0.874
"814","Benin",2010,0.868
"815","Benin",2011,0.868
"816","Benin",2012,0.868
"817","Benin",2013,0.88
"818","Benin",2014,0.88
"819","Bhutan",1994,0.366
"820","Bhutan",1995,0.366
"821","Bhutan",1996,0.352
"822","Bhutan",1997,0.352
"823","Bhutan",1998,0.352
"824","Bhutan",1999,0.463
"825","Bhutan",2000,0.551
"826","Bhutan",2001,0.551
"827","Bhutan",2002,0.566
"828","Bhutan",2003,0.62
"829","Bhutan",2004,0.62
"830","Bhutan",2005,0.62
"831","Bhutan",2006,0.62
"832","Bhutan",2007,0.7
"833","Bhutan",2008,0.716
"834","Bhutan",2009,0.807
"835","Bhutan",2010,0.772
"836","Bhutan",2011,0.772
"837","Bhutan",2012,0.772
"838","Bhutan",2013,0.82
"839","Bhutan",2014,0.82
"840","Burkina Faso",1994,0.711
"841","Burkina Faso",1995,0.711
"842","Burkina Faso",1996,0.711
"843","Burkina Faso",1997,0.706
"844","Burkina Faso",1998,0.706
"845","Burkina Faso",1999,0.706
"846","Burkina Faso",2000,0.784
"847","Burkina Faso",2001,0.784
"848","Burkina Faso",2002,0.784
"849","Burkina Faso",2003,0.784
"850","Burkina Faso",2004,0.784
"851","Burkina Faso",2005,0.784
"852","Burkina Faso",2006,0.792
"853","Burkina Faso",2007,0.805
"854","Burkina Faso",2008,0.795
"855","Burkina Faso",2009,0.806
"856","Burkina Faso",2010,0.814
"857","Burkina Faso",2011,0.798
"858","Burkina Faso",2012,0.878
"859","Burkina Faso",2013,0.838
"860","Burkina Faso",2014,0.825
"861","Cambodia",1994,0.471
"862","Cambodia",1995,0.456
"863","Cambodia",1996,0.456
"864","Cambodia",1997,0.456
"865","Cambodia",1998,0.492
"866","Cambodia",1999,0.492
"867","Cambodia",2000,0.492
"868","Cambodia",2001,0.492
"869","Cambodia",2002,0.492
"870","Cambodia",2003,0.492
"871","Cambodia",2004,0.492
"872","Cambodia",2005,0.492
"873","Cambodia",2006,0.492
"874","Cambodia",2007,0.492
"875","Cambodia",2008,0.492
"876","Cambodia",2009,0.492
"877","Cambodia",2010,0.49
"878","Cambodia",2011,0.49
"879","Cambodia",2012,0.469
"880","Cambodia",2013,0.429
"881","Cambodia",2014,0.445
"882","Indonesia",1994,0.12
"883","Indonesia",1995,0.12
"884","Indonesia",1996,0.12
"885","Indonesia",1997,0.12
"886","Indonesia",1998,0.39
"887","Indonesia",1999,0.461
"888","Indonesia",2000,0.846
"889","Indonesia",2001,0.846
"890","Indonesia",2002,0.846
"891","Indonesia",2003,0.846
"892","Indonesia",2004,0.856
"893","Indonesia",2005,0.859
"894","Indonesia",2006,0.859
"895","Indonesia",2007,0.859
"896","Indonesia",2008,0.822
"897","Indonesia",2009,0.835
"898","Indonesia",2010,0.834
"899","Indonesia",2011,0.834
"900","Indonesia",2012,0.834
"901","Indonesia",2013,0.915
"902","Indonesia",2014,0.922
"903","Mozambique",1994,0.578
"904","Mozambique",1995,0.653
"905","Mozambique",1996,0.696
"906","Mozambique",1997,0.696
"907","Mozambique",1998,0.696
"908","Mozambique",1999,0.696
"909","Mozambique",2000,0.72
"910","Mozambique",2001,0.755
"911","Mozambique",2002,0.755
"912","Mozambique",2003,0.755
"913","Mozambique",2004,0.79
"914","Mozambique",2005,0.704
"915","Mozambique",2006,0.704
"916","Mozambique",2007,0.707
"917","Mozambique",2008,0.694
"918","Mozambique",2009,0.694
"919","Mozambique",2010,0.702
"920","Mozambique",2011,0.748
"921","Mozambique",2012,0.702
"922","Mozambique",2013,0.707
"923","Mozambique",2014,0.73
"924","Nepal",1994,0.739
"925","Nepal",1995,0.739
"926","Nepal",1996,0.739
"927","Nepal",1997,0.739
"928","Nepal",1998,0.739
"929","Nepal",1999,0.739
"930","Nepal",2000,0.769
"931","Nepal",2001,0.813
"932","Nepal",2002,0.813
"933","Nepal",2003,0.813
"934","Nepal",2004,0.813
"935","Nepal",2005,0.816
"936","Nepal",2006,0.816
"937","Nepal",2007,0.847
"938","Nepal",2008,0.865
"939","Nepal",2009,0.862
"940","Nepal",2010,0.848
"941","Nepal",2011,0.831
"942","Nepal",2012,0.829
"943","Nepal",2013,0.886
"944","Nepal",2014,0.869
"945","Nicaragua",1994,0.775
"946","Nicaragua",1995,0.771
"947","Nicaragua",1996,0.771
"948","Nicaragua",1997,0.76
"949","Nicaragua",1998,0.76
"950","Nicaragua",1999,0.692
"951","Nicaragua",2000,0.692
"952","Nicaragua",2001,0.692
"953","Nicaragua",2002,0.692
"954","Nicaragua",2003,0.663
"955","Nicaragua",2004,0.721
"956","Nicaragua",2005,0.65
"957","Nicaragua",2006,0.675
"958","Nicaragua",2007,0.611
"959","Nicaragua",2008,0.727
"960","Nicaragua",2009,0.667
"961","Nicaragua",2010,0.678
"962","Nicaragua",2011,0.645
"963","Nicaragua",2012,0.679
"964","Nicaragua",2013,0.658
"965","Nicaragua",2014,0.615
"966","Niger",1994,0.851
"967","Niger",1995,0.851
"968","Niger",1996,0.851
"969","Niger",1997,0.833
"970","Niger",1998,0.854
"971","Niger",1999,0.854
"972","Niger",2000,0.863
"973","Niger",2001,0.863
"974","Niger",2002,0.863
"975","Niger",2003,0.863
"976","Niger",2004,0.863
"977","Niger",2005,0.863
"978","Niger",2006,0.863
"979","Niger",2007,0.868
"980","Niger",2008,0.864
"981","Niger",2009,0.85
"982","Niger",2010,0.932
"983","Niger",2011,0.942
"984","Niger",2012,0.938
"985","Niger",2013,0.923
"986","Niger",2014,0.922
"987","Zambia",1994,0.914
"988","Zambia",1995,0.914
"989","Zambia",1996,0.914
"990","Zambia",1997,0.914
"991","Zambia",1998,0.914
"992","Zambia",1999,0.914
"993","Zambia",2000,0.914
"994","Zambia",2001,0.908
"995","Zambia",2002,0.903
"996","Zambia",2003,0.903
"997","Zambia",2004,0.903
"998","Zambia",2005,0.922
"999","Zambia",2006,0.936
"1000","Zambia",2007,0.936
"1001","Zambia",2008,0.917
"1002","Zambia",2009,0.928
"1003","Zambia",2010,0.917
"1004","Zambia",2011,0.922
"1005","Zambia",2012,0.917
"1006","Zambia",2013,0.784
"1007","Zambia",2014,0.784
"1008","Zimbabwe",1994,0.676
"1009","Zimbabwe",1995,0.707
"1010","Zimbabwe",1996,0.707
"1011","Zimbabwe",1997,0.707
"1012","Zimbabwe",1998,0.635
"1013","Zimbabwe",1999,0.635
"1014","Zimbabwe",2000,0.665
"1015","Zimbabwe",2001,0.665
"1016","Zimbabwe",2002,0.665
"1017","Zimbabwe",2003,0.536
"1018","Zimbabwe",2004,0.536
"1019","Zimbabwe",2005,0.536
"1020","Zimbabwe",2006,0.536
"1021","Zimbabwe",2007,0.536
"1022","Zimbabwe",2008,0.536
"1023","Zimbabwe",2009,0.548
"1024","Zimbabwe",2010,0.62
"1025","Zimbabwe",2011,0.62
"1026","Zimbabwe",2012,0.62
"1027","Zimbabwe",2013,0.637
"1028","Zimbabwe",2014,0.614
"1029","Guinea",1994,0.775
"1030","Guinea",1995,0.775
"1031","Guinea",1996,0.775
"1032","Guinea",1997,0.755
"1033","Guinea",1998,0.755
"1034","Guinea",1999,0.755
"1035","Guinea",2000,0.829
"1036","Guinea",2001,0.829
"1037","Guinea",2002,0.829
"1038","Guinea",2003,0.829
"1039","Guinea",2004,0.773
"1040","Guinea",2005,0.773
"1041","Guinea",2006,0.823
"1042","Guinea",2007,0.823
"1043","Guinea",2008,0.799
"1044","Guinea",2009,0.762
"1045","Guinea",2010,0.879
"1046","Guinea",2011,0.879
"1047","Guinea",2012,0.879
"1048","Guinea",2013,0.802
"1049","Guinea",2014,0.802
"1050","Ivory Coast",1994,0.576
"1051","Ivory Coast",1995,0.657
"1052","Ivory Coast",1996,0.657
"1053","Ivory Coast",1997,0.657
"1054","Ivory Coast",1998,0.657
"1055","Ivory Coast",1999,0.692
"1056","Ivory Coast",2000,0.797
"1057","Ivory Coast",2001,0.756
"1058","Ivory Coast",2002,0.645
"1059","Ivory Coast",2003,0.665
"1060","Ivory Coast",2004,0.691
"1061","Ivory Coast",2005,0.691
"1062","Ivory Coast",2006,0.681
"1063","Ivory Coast",2007,0.702
"1064","Ivory Coast",2008,0.657
"1065","Ivory Coast",2009,0.657
"1066","Ivory Coast",2010,0.704
"1067","Ivory Coast",2011,0.575
"1068","Ivory Coast",2012,0.657
"1069","Ivory Coast",2013,0.77
"1070","Ivory Coast",2014,0.767
"1071","Mauritania",1994,0.405
"1072","Mauritania",1995,0.462
"1073","Mauritania",1996,0.462
"1074","Mauritania",1997,0.462
"1075","Mauritania",1998,0.462
"1076","Mauritania",1999,0.462
"1077","Mauritania",2000,0.602
"1078","Mauritania",2001,0.602
"1079","Mauritania",2002,0.602
"1080","Mauritania",2003,0.602
"1081","Mauritania",2004,0.602
"1082","Mauritania",2005,0.613
"1083","Mauritania",2006,0.586
"1084","Mauritania",2007,0.586
"1085","Mauritania",2008,0.554
"1086","Mauritania",2009,0.554
"1087","Mauritania",2010,0.554
"1088","Mauritania",2011,0.554
"1089","Mauritania",2012,0.554
"1090","Mauritania",2013,0.501
"1091","Mauritania",2014,0.547
"1092","Botswana",1994,0.785
"1093","Botswana",1995,0.785
"1094","Botswana",1996,0.785
"1095","Botswana",1997,0.785
"1096","Botswana",1998,0.778
"1097","Botswana",1999,0.778
"1098","Botswana",2000,0.778
"1099","Botswana",2001,0.778
"1100","Botswana",2002,0.778
"1101","Botswana",2003,0.778
"1102","Botswana",2004,0.778
"1103","Botswana",2005,0.778
"1104","Botswana",2006,0.778
"1105","Botswana",2007,0.778
"1106","Botswana",2008,0.788
"1107","Botswana",2009,0.778
"1108","Botswana",2010,0.801
"1109","Botswana",2011,0.801
"1110","Botswana",2012,0.801
"1111","Botswana",2013,0.808
"1112","Botswana",2014,0.824
"1113","Burundi",1994,0.672
"1114","Burundi",1995,0.672
"1115","Burundi",1996,0.672
"1116","Burundi",1997,0.672
"1117","Burundi",1998,0.672
"1118","Burundi",1999,0.672
"1119","Burundi",2000,0.686
"1120","Burundi",2001,0.686
"1121","Burundi",2002,0.686
"1122","Burundi",2003,0.675
"1123","Burundi",2004,0.675
"1124","Burundi",2005,0.634
"1125","Burundi",2006,0.702
"1126","Burundi",2007,0.67
"1127","Burundi",2008,0.67
"1128","Burundi",2009,0.67
"1129","Burundi",2010,0.655
"1130","Burundi",2011,0.655
"1131","Burundi",2012,0.655
"1132","Burundi",2013,0.646
"1133","Burundi",2014,0.629
"1134","Cape Verde",1994,0.846
"1135","Cape Verde",1995,0.846
"1136","Cape Verde",1996,0.846
"1137","Cape Verde",1997,0.846
"1138","Cape Verde",1998,0.846
"1139","Cape Verde",1999,0.846
"1140","Cape Verde",2000,0.846
"1141","Cape Verde",2001,0.846
"1142","Cape Verde",2002,0.846
"1143","Cape Verde",2003,0.846
"1144","Cape Verde",2004,0.846
"1145","Cape Verde",2005,0.846
"1146","Cape Verde",2006,0.812
"1147","Cape Verde",2007,0.8
"1148","Cape Verde",2008,0.8
"1149","Cape Verde",2009,0.8
"1150","Cape Verde",2010,0.819
"1151","Cape Verde",2011,0.842
"1152","Cape Verde",2012,0.847
"1153","Cape Verde",2013,0.797
"1154","Cape Verde",2014,0.797
"1155","Central African Republic",1994,0.506
"1156","Central African Republic",1995,0.506
"1157","Central African Republic",1996,0.506
"1158","Central African Republic",1997,0.53
"1159","Central African Republic",1998,0.53
"1160","Central African Republic",1999,0.565
"1161","Central African Republic",2000,0.565
"1162","Central African Republic",2001,0.565
"1163","Central African Republic",2002,0.565
"1164","Central African Republic",2003,0.603
"1165","Central African Republic",2004,0.529
"1166","Central African Republic",2005,0.6
"1167","Central African Republic",2006,0.6
"1168","Central African Republic",2007,0.6
"1169","Central African Republic",2008,0.686
"1170","Central African Republic",2009,0.601
"1171","Central African Republic",2010,0.601
"1172","Central African Republic",2011,0.601
"1173","Central African Republic",2012,0.601
"1174","Central African Republic",2013,0.593
"1175","Central African Republic",2014,0.569
"1176","Chile",1994,0.699
"1177","Chile",1995,0.699
"1178","Chile",1996,0.769
"1179","Chile",1997,0.77
"1180","Chile",1998,0.778
"1181","Chile",1999,0.778
"1182","Chile",2000,0.815
"1183","Chile",2001,0.815
"1184","Chile",2002,0.817
"1185","Chile",2003,0.817
"1186","Chile",2004,0.817
"1187","Chile",2005,0.784
"1188","Chile",2006,0.811
"1189","Chile",2007,0.811
"1190","Chile",2008,0.811
"1191","Chile",2009,0.811
"1192","Chile",2010,0.76
"1193","Chile",2011,0.774
"1194","Chile",2012,0.774
"1195","Chile",2013,0.751
"1196","Chile",2014,0.811
"1197","Costa Rica",1994,0.956
"1198","Costa Rica",1995,0.956
"1199","Costa Rica",1996,0.956
"1200","Costa Rica",1997,0.956
"1201","Costa Rica",1998,0.956
"1202","Costa Rica",1999,0.956
"1203","Costa Rica",2000,0.956
"1204","Costa Rica",2001,0.959
"1205","Costa Rica",2002,0.959
"1206","Costa Rica",2003,0.949
"1207","Costa Rica",2004,0.949
"1208","Costa Rica",2005,0.949
"1209","Costa Rica",2006,0.959
"1210","Costa Rica",2007,0.959
"1211","Costa Rica",2008,0.959
"1212","Costa Rica",2009,0.959
"1213","Costa Rica",2010,0.959
"1214","Costa Rica",2011,0.959
"1215","Costa Rica",2012,0.959
"1216","Costa Rica",2013,0.962
"1217","Costa Rica",2014,0.962
"1218","Timor-Leste",1994,0.064
"1219","Timor-Leste",1995,0.064
"1220","Timor-Leste",1996,0.064
"1221","Timor-Leste",1997,0.064
"1222","Timor-Leste",1998,0.173
"1223","Timor-Leste",1999,0.173
"1224","Timor-Leste",2000,0.588
"1225","Timor-Leste",2001,0.647
"1226","Timor-Leste",2002,0.683
"1227","Timor-Leste",2003,0.712
"1228","Timor-Leste",2004,0.712
"1229","Timor-Leste",2005,0.712
"1230","Timor-Leste",2006,0.712
"1231","Timor-Leste",2007,0.712
"1232","Timor-Leste",2008,0.712
"1233","Timor-Leste",2009,0.712
"1234","Timor-Leste",2010,0.712
"1235","Timor-Leste",2011,0.724
"1236","Timor-Leste",2012,0.724
"1237","Timor-Leste",2013,0.724
"1238","Timor-Leste",2014,0.724
"1239","Ecuador",1994,0.625
"1240","Ecuador",1995,0.625
"1241","Ecuador",1996,0.625
"1242","Ecuador",1997,0.625
"1243","Ecuador",1998,0.625
"1244","Ecuador",1999,0.678
"1245","Ecuador",2000,0.711
"1246","Ecuador",2001,0.711
"1247","Ecuador",2002,0.711
"1248","Ecuador",2003,0.711
"1249","Ecuador",2004,0.711
"1250","Ecuador",2005,0.711
"1251","Ecuador",2006,0.711
"1252","Ecuador",2007,0.671
"1253","Ecuador",2008,0.696
"1254","Ecuador",2009,0.679
"1255","Ecuador",2010,0.613
"1256","Ecuador",2011,0.627
"1257","Ecuador",2012,0.627
"1258","Ecuador",2013,0.565
"1259","Ecuador",2014,0.565
"1260","Guatemala",1994,0.798
"1261","Guatemala",1995,0.777
"1262","Guatemala",1996,0.832
"1263","Guatemala",1997,0.714
"1264","Guatemala",1998,0.714
"1265","Guatemala",1999,0.714
"1266","Guatemala",2000,0.739
"1267","Guatemala",2001,0.739
"1268","Guatemala",2002,0.739
"1269","Guatemala",2003,0.739
"1270","Guatemala",2004,0.739
"1271","Guatemala",2005,0.739
"1272","Guatemala",2006,0.739
"1273","Guatemala",2007,0.739
"1274","Guatemala",2008,0.739
"1275","Guatemala",2009,0.739
"1276","Guatemala",2010,0.722
"1277","Guatemala",2011,0.722
"1278","Guatemala",2012,0.722
"1279","Guatemala",2013,0.738
"1280","Guatemala",2014,0.738
"1281","Iran",1994,0.346
"1282","Iran",1995,0.346
"1283","Iran",1996,0.384
"1284","Iran",1997,0.378
"1285","Iran",1998,0.451
"1286","Iran",1999,0.451
"1287","Iran",2000,0.417
"1288","Iran",2001,0.417
"1289","Iran",2002,0.417
"1290","Iran",2003,0.416
"1291","Iran",2004,0.475
"1292","Iran",2005,0.439
"1293","Iran",2006,0.238
"1294","Iran",2007,0.238
"1295","Iran",2008,0.238
"1296","Iran",2009,0.308
"1297","Iran",2010,0.253
"1298","Iran",2011,0.253
"1299","Iran",2012,0.263
"1300","Iran",2013,0.312
"1301","Iran",2014,0.312
"1302","Iraq",1994,0.046
"1303","Iraq",1995,0.046
"1304","Iraq",1996,0.046
"1305","Iraq",1997,0.046
"1306","Iraq",1998,0.046
"1307","Iraq",1999,0.048
"1308","Iraq",2000,0.048
"1309","Iraq",2001,0.048
"1310","Iraq",2002,0.096
"1311","Iraq",2003,0.146
"1312","Iraq",2004,0.655
"1313","Iraq",2005,0.655
"1314","Iraq",2006,0.625
"1315","Iraq",2007,0.625
"1316","Iraq",2008,0.621
"1317","Iraq",2009,0.691
"1318","Iraq",2010,0.617
"1319","Iraq",2011,0.682
"1320","Iraq",2012,0.716
"1321","Iraq",2013,0.65
"1322","Iraq",2014,0.609
"1323","Jordan",1994,0.464
"1324","Jordan",1995,0.464
"1325","Jordan",1996,0.464
"1326","Jordan",1997,0.464
"1327","Jordan",1998,0.464
"1328","Jordan",1999,0.464
"1329","Jordan",2000,0.464
"1330","Jordan",2001,0.464
"1331","Jordan",2002,0.464
"1332","Jordan",2003,0.464
"1333","Jordan",2004,0.464
"1334","Jordan",2005,0.464
"1335","Jordan",2006,0.502
"1336","Jordan",2007,0.524
"1337","Jordan",2008,0.524
"1338","Jordan",2009,0.524
"1339","Jordan",2010,0.535
"1340","Jordan",2011,0.505
"1341","Jordan",2012,0.622
"1342","Jordan",2013,0.642
"1343","Jordan",2014,0.617
"1344","Latvia",1994,0.714
"1345","Latvia",1995,0.698
"1346","Latvia",1996,0.726
"1347","Latvia",1997,0.726
"1348","Latvia",1998,0.726
"1349","Latvia",1999,0.756
"1350","Latvia",2000,0.756
"1351","Latvia",2001,0.701
"1352","Latvia",2002,0.701
"1353","Latvia",2003,0.771
"1354","Latvia",2004,0.79
"1355","Latvia",2005,0.803
"1356","Latvia",2006,0.764
"1357","Latvia",2007,0.815
"1358","Latvia",2008,0.812
"1359","Latvia",2009,0.793
"1360","Latvia",2010,0.843
"1361","Latvia",2011,0.836
"1362","Latvia",2012,0.796
"1363","Latvia",2013,0.877
"1364","Latvia",2014,0.849
"1365","Lesotho",1994,0.761
"1366","Lesotho",1995,0.761
"1367","Lesotho",1996,0.761
"1368","Lesotho",1997,0.761
"1369","Lesotho",1998,0.761
"1370","Lesotho",1999,0.761
"1371","Lesotho",2000,0.761
"1372","Lesotho",2001,0.761
"1373","Lesotho",2002,0.761
"1374","Lesotho",2003,0.761
"1375","Lesotho",2004,0.761
"1376","Lesotho",2005,0.761
"1377","Lesotho",2006,0.761
"1378","Lesotho",2007,0.761
"1379","Lesotho",2008,0.761
"1380","Lesotho",2009,0.74
"1381","Lesotho",2010,0.748
"1382","Lesotho",2011,0.748
"1383","Lesotho",2012,0.748
"1384","Lesotho",2013,0.851
"1385","Lesotho",2014,0.851
"1386","Liberia",1994,0.703
"1387","Liberia",1995,0.693
"1388","Liberia",1996,0.693
"1389","Liberia",1997,0.614
"1390","Liberia",1998,0.614
"1391","Liberia",1999,0.618
"1392","Liberia",2000,0.618
"1393","Liberia",2001,0.618
"1394","Liberia",2002,0.618
"1395","Liberia",2003,0.618
"1396","Liberia",2004,0.781
"1397","Liberia",2005,0.843
"1398","Liberia",2006,0.907
"1399","Liberia",2007,0.907
"1400","Liberia",2008,0.905
"1401","Liberia",2009,0.905
"1402","Liberia",2010,0.909
"1403","Liberia",2011,0.909
"1404","Liberia",2012,0.909
"1405","Liberia",2013,0.91
"1406","Liberia",2014,0.91
"1407","Malawi",1994,0.467
"1408","Malawi",1995,0.734
"1409","Malawi",1996,0.734
"1410","Malawi",1997,0.734
"1411","Malawi",1998,0.734
"1412","Malawi",1999,0.765
"1413","Malawi",2000,0.688
"1414","Malawi",2001,0.688
"1415","Malawi",2002,0.682
"1416","Malawi",2003,0.682
"1417","Malawi",2004,0.754
"1418","Malawi",2005,0.824
"1419","Malawi",2006,0.797
"1420","Malawi",2007,0.797
"1421","Malawi",2008,0.797
"1422","Malawi",2009,0.823
"1423","Malawi",2010,0.835
"1424","Malawi",2011,0.814
"1425","Malawi",2012,0.819
"1426","Malawi",2013,0.798
"1427","Malawi",2014,0.81
"1428","Maldives",1994,0.516
"1429","Maldives",1995,0.516
"1430","Maldives",1996,0.516
"1431","Maldives",1997,0.514
"1432","Maldives",1998,0.514
"1433","Maldives",1999,0.514
"1434","Maldives",2000,0.514
"1435","Maldives",2001,0.514
"1436","Maldives",2002,0.514
"1437","Maldives",2003,0.575
"1438","Maldives",2004,0.575
"1439","Maldives",2005,0.662
"1440","Maldives",2006,0.645
"1441","Maldives",2007,0.645
"1442","Maldives",2008,0.777
"1443","Maldives",2009,0.728
"1444","Maldives",2010,0.758
"1445","Maldives",2011,0.743
"1446","Maldives",2012,0.686
"1447","Maldives",2013,0.571
"1448","Maldives",2014,0.573
"1449","Mongolia",1994,0.765
"1450","Mongolia",1995,0.765
"1451","Mongolia",1996,0.765
"1452","Mongolia",1997,0.765
"1453","Mongolia",1998,0.755
"1454","Mongolia",1999,0.755
"1455","Mongolia",2000,0.769
"1456","Mongolia",2001,0.769
"1457","Mongolia",2002,0.769
"1458","Mongolia",2003,0.769
"1459","Mongolia",2004,0.749
"1460","Mongolia",2005,0.749
"1461","Mongolia",2006,0.765
"1462","Mongolia",2007,0.81
"1463","Mongolia",2008,0.79
"1464","Mongolia",2009,0.782
"1465","Mongolia",2010,0.78
"1466","Mongolia",2011,0.819
"1467","Mongolia",2012,0.8
"1468","Mongolia",2013,0.831
"1469","Mongolia",2014,0.792
"1470","Morocco",1994,0.476
"1471","Morocco",1995,0.476
"1472","Morocco",1996,0.476
"1473","Morocco",1997,0.508
"1474","Morocco",1998,0.508
"1475","Morocco",1999,0.508
"1476","Morocco",2000,0.575
"1477","Morocco",2001,0.647
"1478","Morocco",2002,0.613
"1479","Morocco",2003,0.656
"1480","Morocco",2004,0.606
"1481","Morocco",2005,0.752
"1482","Morocco",2006,0.715
"1483","Morocco",2007,0.739
"1484","Morocco",2008,0.782
"1485","Morocco",2009,0.799
"1486","Morocco",2010,0.818
"1487","Morocco",2011,0.813
"1488","Morocco",2012,0.826
"1489","Morocco",2013,0.779
"1490","Morocco",2014,0.783
"1491","Panama",1994,0.681
"1492","Panama",1995,0.681
"1493","Panama",1996,0.681
"1494","Panama",1997,0.681
"1495","Panama",1998,0.681
"1496","Panama",1999,0.681
"1497","Panama",2000,0.714
"1498","Panama",2001,0.714
"1499","Panama",2002,0.714
"1500","Panama",2003,0.714
"1501","Panama",2004,0.714
"1502","Panama",2005,0.714
"1503","Panama",2006,0.714
"1504","Panama",2007,0.714
"1505","Panama",2008,0.714
"1506","Panama",2009,0.742
"1507","Panama",2010,0.75
"1508","Panama",2011,0.75
"1509","Panama",2012,0.75
"1510","Panama",2013,0.725
"1511","Panama",2014,0.725
"1512","Papua New Guinea",1994,0.686
"1513","Papua New Guinea",1995,0.686
"1514","Papua New Guinea",1996,0.686
"1515","Papua New Guinea",1997,0.686
"1516","Papua New Guinea",1998,0.686
"1517","Papua New Guinea",1999,0.686
"1518","Papua New Guinea",2000,0.686
"1519","Papua New Guinea",2001,0.686
"1520","Papua New Guinea",2002,0.686
"1521","Papua New Guinea",2003,0.686
"1522","Papua New Guinea",2004,0.686
"1523","Papua New Guinea",2005,0.686
"1524","Papua New Guinea",2006,0.686
"1525","Papua New Guinea",2007,0.686
"1526","Papua New Guinea",2008,0.686
"1527","Papua New Guinea",2009,0.686
"1528","Papua New Guinea",2010,0.686
"1529","Papua New Guinea",2011,0.686
"1530","Papua New Guinea",2012,0.686
"1531","Papua New Guinea",2013,0.686
"1532","Papua New Guinea",2014,0.696
"1533","Qatar",1994,0.186
"1534","Qatar",1995,0.186
"1535","Qatar",1996,0.186
"1536","Qatar",1997,0.186
"1537","Qatar",1998,0.186
"1538","Qatar",1999,0.186
"1539","Qatar",2000,0.199
"1540","Qatar",2001,0.183
"1541","Qatar",2002,0.183
"1542","Qatar",2003,0.183
"1543","Qatar",2004,0.183
"1544","Qatar",2005,0.183
"1545","Qatar",2006,0.183
"1546","Qatar",2007,0.183
"1547","Qatar",2008,0.183
"1548","Qatar",2009,0.183
"1549","Qatar",2010,0.227
"1550","Qatar",2011,0.197
"1551","Qatar",2012,0.197
"1552","Qatar",2013,0.192
"1553","Qatar",2014,0.212
"1554","Sierra Leone",1994,0.443
"1555","Sierra Leone",1995,0.443
"1556","Sierra Leone",1996,0.612
"1557","Sierra Leone",1997,0.657
"1558","Sierra Leone",1998,0.665
"1559","Sierra Leone",1999,0.665
"1560","Sierra Leone",2000,0.692
"1561","Sierra Leone",2001,0.692
"1562","Sierra Leone",2002,0.924
"1563","Sierra Leone",2003,0.924
"1564","Sierra Leone",2004,0.941
"1565","Sierra Leone",2005,0.941
"1566","Sierra Leone",2006,0.936
"1567","Sierra Leone",2007,0.936
"1568","Sierra Leone",2008,0.933
"1569","Sierra Leone",2009,0.933
"1570","Sierra Leone",2010,0.934
"1571","Sierra Leone",2011,0.934
"1572","Sierra Leone",2012,0.941
"1573","Sierra Leone",2013,0.911
"1574","Sierra Leone",2014,0.911
"1575","Syria",1994,0.108
"1576","Syria",1995,0.108
"1577","Syria",1996,0.108
"1578","Syria",1997,0.108
"1579","Syria",1998,0.108
"1580","Syria",1999,0.108
"1581","Syria",2000,0.139
"1582","Syria",2001,0.139
"1583","Syria",2002,0.101
"1584","Syria",2003,0.125
"1585","Syria",2004,0.061
"1586","Syria",2005,0.061
"1587","Syria",2006,0.068
"1588","Syria",2007,0.068
"1589","Syria",2008,0.108
"1590","Syria",2009,0.108
"1591","Syria",2010,0.107
"1592","Syria",2011,0.141
"1593","Syria",2012,0.095
"1594","Syria",2013,0.108
"1595","Syria",2014,0.112
"1596","Tunisia",1994,0.447
"1597","Tunisia",1995,0.447
"1598","Tunisia",1996,0.447
"1599","Tunisia",1997,0.447
"1600","Tunisia",1998,0.447
"1601","Tunisia",1999,0.357
"1602","Tunisia",2000,0.335
"1603","Tunisia",2001,0.335
"1604","Tunisia",2002,0.335
"1605","Tunisia",2003,0.335
"1606","Tunisia",2004,0.335
"1607","Tunisia",2005,0.335
"1608","Tunisia",2006,0.369
"1609","Tunisia",2007,0.369
"1610","Tunisia",2008,0.369
"1611","Tunisia",2009,0.369
"1612","Tunisia",2010,0.442
"1613","Tunisia",2011,0.829
"1614","Tunisia",2012,0.892
"1615","Tunisia",2013,0.928
"1616","Tunisia",2014,0.879
"1617","Turkey",1994,0.488
"1618","Turkey",1995,0.488
"1619","Turkey",1996,0.488
"1620","Turkey",1997,0.488
"1621","Turkey",1998,0.488
"1622","Turkey",1999,0.488
"1623","Turkey",2000,0.428
"1624","Turkey",2001,0.452
"1625","Turkey",2002,0.548
"1626","Turkey",2003,0.618
"1627","Turkey",2004,0.618
"1628","Turkey",2005,0.618
"1629","Turkey",2006,0.637
"1630","Turkey",2007,0.631
"1631","Turkey",2008,0.609
"1632","Turkey",2009,0.62
"1633","Turkey",2010,0.544
"1634","Turkey",2011,0.614
"1635","Turkey",2012,0.573
"1636","Turkey",2013,0.528
"1637","Turkey",2014,0.528
"1638","Ukraine",1994,0.456
"1639","Ukraine",1995,0.484
"1640","Ukraine",1996,0.506
"1641","Ukraine",1997,0.525
"1642","Ukraine",1998,0.458
"1643","Ukraine",1999,0.509
"1644","Ukraine",2000,0.579
"1645","Ukraine",2001,0.601
"1646","Ukraine",2002,0.625
"1647","Ukraine",2003,0.559
"1648","Ukraine",2004,0.579
"1649","Ukraine",2005,0.746
"1650","Ukraine",2006,0.644
"1651","Ukraine",2007,0.677
"1652","Ukraine",2008,0.717
"1653","Ukraine",2009,0.705
"1654","Ukraine",2010,0.631
"1655","Ukraine",2011,0.616
"1656","Ukraine",2012,0.648
"1657","Ukraine",2013,0.638
"1658","Ukraine",2014,0.74
"1659","Uruguay",1994,0.916
"1660","Uruguay",1995,0.916
"1661","Uruguay",1996,0.916
"1662","Uruguay",1997,0.916
"1663","Uruguay",1998,0.916
"1664","Uruguay",1999,0.916
"1665","Uruguay",2000,0.916
"1666","Uruguay",2001,0.916
"1667","Uruguay",2002,0.916
"1668","Uruguay",2003,0.916
"1669","Uruguay",2004,0.916
"1670","Uruguay",2005,0.916
"1671","Uruguay",2006,0.916
"1672","Uruguay",2007,0.916
"1673","Uruguay",2008,0.916
"1674","Uruguay",2009,0.916
"1675","Uruguay",2010,0.937
"1676","Uruguay",2011,0.937
"1677","Uruguay",2012,0.937
"1678","Uruguay",2013,0.936
"1679","Uruguay",2014,0.936
"1680","Algeria",1994,0.328
"1681","Algeria",1995,0.328
"1682","Algeria",1996,0.328
"1683","Algeria",1997,0.328
"1684","Algeria",1998,0.328
"1685","Algeria",1999,0.28
"1686","Algeria",2000,0.364
"1687","Algeria",2001,0.364
"1688","Algeria",2002,0.364
"1689","Algeria",2003,0.364
"1690","Algeria",2004,0.364
"1691","Algeria",2005,0.364
"1692","Algeria",2006,0.352
"1693","Algeria",2007,0.331
"1694","Algeria",2008,0.331
"1695","Algeria",2009,0.331
"1696","Algeria",2010,0.348
"1697","Algeria",2011,0.348
"1698","Algeria",2012,0.333
"1699","Algeria",2013,0.332
"1700","Algeria",2014,0.357
"1701","Angola",1994,0.523
"1702","Angola",1995,0.523
"1703","Angola",1996,0.523
"1704","Angola",1997,0.523
"1705","Angola",1998,0.523
"1706","Angola",1999,0.523
"1707","Angola",2000,0.523
"1708","Angola",2001,0.523
"1709","Angola",2002,0.449
"1710","Angola",2003,0.397
"1711","Angola",2004,0.397
"1712","Angola",2005,0.397
"1713","Angola",2006,0.397
"1714","Angola",2007,0.4
"1715","Angola",2008,0.4
"1716","Angola",2009,0.362
"1717","Angola",2010,0.423
"1718","Angola",2011,0.423
"1719","Angola",2012,0.387
"1720","Angola",2013,0.312
"1721","Angola",2014,0.312
"1722","Armenia",1994,0.495
"1723","Armenia",1995,0.494
"1724","Armenia",1996,0.517
"1725","Armenia",1997,0.521
"1726","Armenia",1998,0.546
"1727","Armenia",1999,0.45
"1728","Armenia",2000,0.45
"1729","Armenia",2001,0.45
"1730","Armenia",2002,0.45
"1731","Armenia",2003,0.507
"1732","Armenia",2004,0.507
"1733","Armenia",2005,0.467
"1734","Armenia",2006,0.453
"1735","Armenia",2007,0.482
"1736","Armenia",2008,0.482
"1737","Armenia",2009,0.5
"1738","Armenia",2010,0.589
"1739","Armenia",2011,0.57
"1740","Armenia",2012,0.57
"1741","Armenia",2013,0.543
"1742","Armenia",2014,0.469
"1743","Azerbaijan",1994,0.29
"1744","Azerbaijan",1995,0.29
"1745","Azerbaijan",1996,0.29
"1746","Azerbaijan",1997,0.29
"1747","Azerbaijan",1998,0.29
"1748","Azerbaijan",1999,0.29
"1749","Azerbaijan",2000,0.29
"1750","Azerbaijan",2001,0.29
"1751","Azerbaijan",2002,0.29
"1752","Azerbaijan",2003,0.29
"1753","Azerbaijan",2004,0.29
"1754","Azerbaijan",2005,0.29
"1755","Azerbaijan",2006,0.29
"1756","Azerbaijan",2007,0.316
"1757","Azerbaijan",2008,0.316
"1758","Azerbaijan",2009,0.321
"1759","Azerbaijan",2010,0.23
"1760","Azerbaijan",2011,0.23
"1761","Azerbaijan",2012,0.226
"1762","Azerbaijan",2013,0.278
"1763","Azerbaijan",2014,0.129
"1764","Belarus",1994,0.66
"1765","Belarus",1995,0.605
"1766","Belarus",1996,0.492
"1767","Belarus",1997,0.522
"1768","Belarus",1998,0.534
"1769","Belarus",1999,0.439
"1770","Belarus",2000,0.328
"1771","Belarus",2001,0.3
"1772","Belarus",2002,0.3
"1773","Belarus",2003,0.3
"1774","Belarus",2004,0.3
"1775","Belarus",2005,0.3
"1776","Belarus",2006,0.3
"1777","Belarus",2007,0.3
"1778","Belarus",2008,0.3
"1779","Belarus",2009,0.3
"1780","Belarus",2010,0.3
"1781","Belarus",2011,0.3
"1782","Belarus",2012,0.3
"1783","Belarus",2013,0.269
"1784","Belarus",2014,0.269
"1785","Cameroon",1994,0.45
"1786","Cameroon",1995,0.45
"1787","Cameroon",1996,0.45
"1788","Cameroon",1997,0.45
"1789","Cameroon",1998,0.45
"1790","Cameroon",1999,0.45
"1791","Cameroon",2000,0.475
"1792","Cameroon",2001,0.475
"1793","Cameroon",2002,0.475
"1794","Cameroon",2003,0.475
"1795","Cameroon",2004,0.475
"1796","Cameroon",2005,0.475
"1797","Cameroon",2006,0.475
"1798","Cameroon",2007,0.475
"1799","Cameroon",2008,0.475
"1800","Cameroon",2009,0.542
"1801","Cameroon",2010,0.475
"1802","Cameroon",2011,0.559
"1803","Cameroon",2012,0.54
"1804","Cameroon",2013,0.568
"1805","Cameroon",2014,0.568
"1806","Chad",1994,0.439
"1807","Chad",1995,0.439
"1808","Chad",1996,0.439
"1809","Chad",1997,0.439
"1810","Chad",1998,0.439
"1811","Chad",1999,0.439
"1812","Chad",2000,0.498
"1813","Chad",2001,0.498
"1814","Chad",2002,0.498
"1815","Chad",2003,0.498
"1816","Chad",2004,0.498
"1817","Chad",2005,0.498
"1818","Chad",2006,0.469
"1819","Chad",2007,0.496
"1820","Chad",2008,0.562
"1821","Chad",2009,0.517
"1822","Chad",2010,0.562
"1823","Chad",2011,0.514
"1824","Chad",2012,0.514
"1825","Chad",2013,0.557
"1826","Chad",2014,0.513
"1827","China",1994,0.323
"1828","China",1995,0.338
"1829","China",1996,0.341
"1830","China",1997,0.341
"1831","China",1998,0.341
"1832","China",1999,0.329
"1833","China",2000,0.33
"1834","China",2001,0.33
"1835","China",2002,0.401
"1836","China",2003,0.458
"1837","China",2004,0.405
"1838","China",2005,0.378
"1839","China",2006,0.378
"1840","China",2007,0.407
"1841","China",2008,0.432
"1842","China",2009,0.425
"1843","China",2010,0.373
"1844","China",2011,0.406
"1845","China",2012,0.402
"1846","China",2013,0.351
"1847","China",2014,0.324
"1848","Democratic Republic of the Congo",1994,0.33
"1849","Democratic Republic of the Congo",1995,0.33
"1850","Democratic Republic of the Congo",1996,0.33
"1851","Democratic Republic of the Congo",1997,0.337
"1852","Democratic Republic of the Congo",1998,0.513
"1853","Democratic Republic of the Congo",1999,0.513
"1854","Democratic Republic of the Congo",2000,0.461
"1855","Democratic Republic of the Congo",2001,0.461
"1856","Democratic Republic of the Congo",2002,0.461
"1857","Democratic Republic of the Congo",2003,0.461
"1858","Democratic Republic of the Congo",2004,0.477
"1859","Democratic Republic of the Congo",2005,0.477
"1860","Democratic Republic of the Congo",2006,0.485
"1861","Democratic Republic of the Congo",2007,0.432
"1862","Democratic Republic of the Congo",2008,0.498
"1863","Democratic Republic of the Congo",2009,0.477
"1864","Democratic Republic of the Congo",2010,0.535
"1865","Democratic Republic of the Congo",2011,0.557
"1866","Democratic Republic of the Congo",2012,0.532
"1867","Democratic Republic of the Congo",2013,0.436
"1868","Democratic Republic of the Congo",2014,0.439
"1869","Republic of the Congo",1994,0.832
"1870","Republic of the Congo",1995,0.843
"1871","Republic of the Congo",1996,0.843
"1872","Republic of the Congo",1997,0.546
"1873","Republic of the Congo",1998,0.514
"1874","Republic of the Congo",1999,0.514
"1875","Republic of the Congo",2000,0.514
"1876","Republic of the Congo",2001,0.514
"1877","Republic of the Congo",2002,0.47
"1878","Republic of the Congo",2003,0.474
"1879","Republic of the Congo",2004,0.474
"1880","Republic of the Congo",2005,0.474
"1881","Republic of the Congo",2006,0.474
"1882","Republic of the Congo",2007,0.474
"1883","Republic of the Congo",2008,0.474
"1884","Republic of the Congo",2009,0.474
"1885","Republic of the Congo",2010,0.474
"1886","Republic of the Congo",2011,0.474
"1887","Republic of the Congo",2012,0.488
"1888","Republic of the Congo",2013,0.45
"1889","Republic of the Congo",2014,0.45
"1890","Djibouti",1994,0.547
"1891","Djibouti",1995,0.547
"1892","Djibouti",1996,0.547
"1893","Djibouti",1997,0.547
"1894","Djibouti",1998,0.493
"1895","Djibouti",1999,0.493
"1896","Djibouti",2000,0.478
"1897","Djibouti",2001,0.478
"1898","Djibouti",2002,0.533
"1899","Djibouti",2003,0.533
"1900","Djibouti",2004,0.533
"1901","Djibouti",2005,0.533
"1902","Djibouti",2006,0.533
"1903","Djibouti",2007,0.533
"1904","Djibouti",2008,0.533
"1905","Djibouti",2009,0.533
"1906","Djibouti",2010,0.575
"1907","Djibouti",2011,0.575
"1908","Djibouti",2012,0.554
"1909","Djibouti",2013,0.662
"1910","Djibouti",2014,0.615
"1911","Dominican Republic",1994,0.87
"1912","Dominican Republic",1995,0.87
"1913","Dominican Republic",1996,0.869
"1914","Dominican Republic",1997,0.886
"1915","Dominican Republic",1998,0.86
"1916","Dominican Republic",1999,0.86
"1917","Dominican Republic",2000,0.86
"1918","Dominican Republic",2001,0.86
"1919","Dominican Republic",2002,0.86
"1920","Dominican Republic",2003,0.86
"1921","Dominican Republic",2004,0.86
"1922","Dominican Republic",2005,0.86
"1923","Dominican Republic",2006,0.894
"1924","Dominican Republic",2007,0.89
"1925","Dominican Republic",2008,0.89
"1926","Dominican Republic",2009,0.89
"1927","Dominican Republic",2010,0.89
"1928","Dominican Republic",2011,0.89
"1929","Dominican Republic",2012,0.874
"1930","Dominican Republic",2013,0.863
"1931","Dominican Republic",2014,0.863
"1932","Eritrea",1994,0.106
"1933","Eritrea",1995,0.106
"1934","Eritrea",1996,0.106
"1935","Eritrea",1997,0.106
"1936","Eritrea",1998,0.106
"1937","Eritrea",1999,0.106
"1938","Eritrea",2000,0.07
"1939","Eritrea",2001,0.07
"1940","Eritrea",2002,0.045
"1941","Eritrea",2003,0.031
"1942","Eritrea",2004,0.031
"1943","Eritrea",2005,0.031
"1944","Eritrea",2006,0.031
"1945","Eritrea",2007,0.031
"1946","Eritrea",2008,0.031
"1947","Eritrea",2009,0.031
"1948","Eritrea",2010,0.043
"1949","Eritrea",2011,0.043
"1950","Eritrea",2012,0.043
"1951","Eritrea",2013,0.031
"1952","Eritrea",2014,0.031
"1953","Gabon",1994,0.722
"1954","Gabon",1995,0.722
"1955","Gabon",1996,0.722
"1956","Gabon",1997,0.722
"1957","Gabon",1998,0.722
"1958","Gabon",1999,0.722
"1959","Gabon",2000,0.722
"1960","Gabon",2001,0.721
"1961","Gabon",2002,0.721
"1962","Gabon",2003,0.721
"1963","Gabon",2004,0.721
"1964","Gabon",2005,0.721
"1965","Gabon",2006,0.721
"1966","Gabon",2007,0.795
"1967","Gabon",2008,0.795
"1968","Gabon",2009,0.795
"1969","Gabon",2010,0.83
"1970","Gabon",2011,0.83
"1971","Gabon",2012,0.816
"1972","Gabon",2013,0.852
"1973","Gabon",2014,0.852
"1974","The Gambia",1994,0.37
"1975","The Gambia",1995,0.296
"1976","The Gambia",1996,0.296
"1977","The Gambia",1997,0.259
"1978","The Gambia",1998,0.274
"1979","The Gambia",1999,0.274
"1980","The Gambia",2000,0.294
"1981","The Gambia",2001,0.294
"1982","The Gambia",2002,0.294
"1983","The Gambia",2003,0.294
"1984","The Gambia",2004,0.294
"1985","The Gambia",2005,0.294
"1986","The Gambia",2006,0.289
"1987","The Gambia",2007,0.289
"1988","The Gambia",2008,0.339
"1989","The Gambia",2009,0.339
"1990","The Gambia",2010,0.339
"1991","The Gambia",2011,0.339
"1992","The Gambia",2012,0.339
"1993","The Gambia",2013,0.302
"1994","The Gambia",2014,0.318
"1995","Georgia",1994,0.444
"1996","Georgia",1995,0.449
"1997","Georgia",1996,0.39
"1998","Georgia",1997,0.39
"1999","Georgia",1998,0.39
"2000","Georgia",1999,0.39
"2001","Georgia",2000,0.492
"2002","Georgia",2001,0.481
"2003","Georgia",2002,0.51
"2004","Georgia",2003,0.47
"2005","Georgia",2004,0.778
"2006","Georgia",2005,0.705
"2007","Georgia",2006,0.706
"2008","Georgia",2007,0.755
"2009","Georgia",2008,0.715
"2010","Georgia",2009,0.77
"2011","Georgia",2010,0.788
"2012","Georgia",2011,0.798
"2013","Georgia",2012,0.813
"2014","Georgia",2013,0.787
"2015","Georgia",2014,0.773
"2016","Guinea-Bissau",1994,0.584
"2017","Guinea-Bissau",1995,0.703
"2018","Guinea-Bissau",1996,0.703
"2019","Guinea-Bissau",1997,0.703
"2020","Guinea-Bissau",1998,0.703
"2021","Guinea-Bissau",1999,0.703
"2022","Guinea-Bissau",2000,0.736
"2023","Guinea-Bissau",2001,0.736
"2024","Guinea-Bissau",2002,0.698
"2025","Guinea-Bissau",2003,0.638
"2026","Guinea-Bissau",2004,0.68
"2027","Guinea-Bissau",2005,0.68
"2028","Guinea-Bissau",2006,0.673
"2029","Guinea-Bissau",2007,0.673
"2030","Guinea-Bissau",2008,0.673
"2031","Guinea-Bissau",2009,0.749
"2032","Guinea-Bissau",2010,0.749
"2033","Guinea-Bissau",2011,0.749
"2034","Guinea-Bissau",2012,0.749
"2035","Guinea-Bissau",2013,0.738
"2036","Guinea-Bissau",2014,0.738
"2037","Jamaica",1994,0.746
"2038","Jamaica",1995,0.746
"2039","Jamaica",1996,0.746
"2040","Jamaica",1997,0.746
"2041","Jamaica",1998,0.746
"2042","Jamaica",1999,0.816
"2043","Jamaica",2000,0.775
"2044","Jamaica",2001,0.775
"2045","Jamaica",2002,0.775
"2046","Jamaica",2003,0.775
"2047","Jamaica",2004,0.775
"2048","Jamaica",2005,0.861
"2049","Jamaica",2006,0.843
"2050","Jamaica",2007,0.826
"2051","Jamaica",2008,0.826
"2052","Jamaica",2009,0.826
"2053","Jamaica",2010,0.844
"2054","Jamaica",2011,0.879
"2055","Jamaica",2012,0.879
"2056","Jamaica",2013,0.874
"2057","Jamaica",2014,0.9
"2058","Kazakhstan",1994,0.496
"2059","Kazakhstan",1995,0.496
"2060","Kazakhstan",1996,0.545
"2061","Kazakhstan",1997,0.545
"2062","Kazakhstan",1998,0.558
"2063","Kazakhstan",1999,0.558
"2064","Kazakhstan",2000,0.502
"2065","Kazakhstan",2001,0.502
"2066","Kazakhstan",2002,0.502
"2067","Kazakhstan",2003,0.502
"2068","Kazakhstan",2004,0.502
"2069","Kazakhstan",2005,0.514
"2070","Kazakhstan",2006,0.514
"2071","Kazakhstan",2007,0.514
"2072","Kazakhstan",2008,0.514
"2073","Kazakhstan",2009,0.514
"2074","Kazakhstan",2010,0.476
"2075","Kazakhstan",2011,0.476
"2076","Kazakhstan",2012,0.476
"2077","Kazakhstan",2013,0.544
"2078","Kazakhstan",2014,0.544
"2079","Kyrgyzstan",1994,0.367
"2080","Kyrgyzstan",1995,0.367
"2081","Kyrgyzstan",1996,0.367
"2082","Kyrgyzstan",1997,0.367
"2083","Kyrgyzstan",1998,0.411
"2084","Kyrgyzstan",1999,0.411
"2085","Kyrgyzstan",2000,0.489
"2086","Kyrgyzstan",2001,0.553
"2087","Kyrgyzstan",2002,0.553
"2088","Kyrgyzstan",2003,0.553
"2089","Kyrgyzstan",2004,0.553
"2090","Kyrgyzstan",2005,0.553
"2091","Kyrgyzstan",2006,0.531
"2092","Kyrgyzstan",2007,0.51
"2093","Kyrgyzstan",2008,0.471
"2094","Kyrgyzstan",2009,0.471
"2095","Kyrgyzstan",2010,0.544
"2096","Kyrgyzstan",2011,0.707
"2097","Kyrgyzstan",2012,0.728
"2098","Kyrgyzstan",2013,0.733
"2099","Kyrgyzstan",2014,0.697
"2100","Laos",1994,0.09
"2101","Laos",1995,0.09
"2102","Laos",1996,0.09
"2103","Laos",1997,0.09
"2104","Laos",1998,0.09
"2105","Laos",1999,0.09
"2106","Laos",2000,0.09
"2107","Laos",2001,0.09
"2108","Laos",2002,0.09
"2109","Laos",2003,0.09
"2110","Laos",2004,0.122
"2111","Laos",2005,0.122
"2112","Laos",2006,0.122
"2113","Laos",2007,0.122
"2114","Laos",2008,0.122
"2115","Laos",2009,0.132
"2116","Laos",2010,0.231
"2117","Laos",2011,0.231
"2118","Laos",2012,0.231
"2119","Laos",2013,0.188
"2120","Laos",2014,0.188
"2121","Libya",1994,0.071
"2122","Libya",1995,0.071
"2123","Libya",1996,0.071
"2124","Libya",1997,0.071
"2125","Libya",1998,0.071
"2126","Libya",1999,0.071
"2127","Libya",2000,0.071
"2128","Libya",2001,0.071
"2129","Libya",2002,0.071
"2130","Libya",2003,0.071
"2131","Libya",2004,0.071
"2132","Libya",2005,0.071
"2133","Libya",2006,0.074
"2134","Libya",2007,0.074
"2135","Libya",2008,0.071
"2136","Libya",2009,0.058
"2137","Libya",2010,0.067
"2138","Libya",2011,0.516
"2139","Libya",2012,0.747
"2140","Libya",2013,0.709
"2141","Libya",2014,0.543
"2142","Madagascar",1994,0.757
"2143","Madagascar",1995,0.757
"2144","Madagascar",1996,0.751
"2145","Madagascar",1997,0.751
"2146","Madagascar",1998,0.751
"2147","Madagascar",1999,0.751
"2148","Madagascar",2000,0.751
"2149","Madagascar",2001,0.751
"2150","Madagascar",2002,0.758
"2151","Madagascar",2003,0.758
"2152","Madagascar",2004,0.758
"2153","Madagascar",2005,0.758
"2154","Madagascar",2006,0.758
"2155","Madagascar",2007,0.758
"2156","Madagascar",2008,0.758
"2157","Madagascar",2009,0.71
"2158","Madagascar",2010,0.69
"2159","Madagascar",2011,0.69
"2160","Madagascar",2012,0.69
"2161","Madagascar",2013,0.715
"2162","Madagascar",2014,0.747
"2163","Moldova",1994,0.55
"2164","Moldova",1995,0.55
"2165","Moldova",1996,0.554
"2166","Moldova",1997,0.554
"2167","Moldova",1998,0.568
"2168","Moldova",1999,0.619
"2169","Moldova",2000,0.619
"2170","Moldova",2001,0.466
"2171","Moldova",2002,0.466
"2172","Moldova",2003,0.466
"2173","Moldova",2004,0.466
"2174","Moldova",2005,0.466
"2175","Moldova",2006,0.463
"2176","Moldova",2007,0.5
"2177","Moldova",2008,0.439
"2178","Moldova",2009,0.567
"2179","Moldova",2010,0.79
"2180","Moldova",2011,0.751
"2181","Moldova",2012,0.773
"2182","Moldova",2013,0.765
"2183","Moldova",2014,0.729
"2184","Namibia",1994,0.715
"2185","Namibia",1995,0.715
"2186","Namibia",1996,0.715
"2187","Namibia",1997,0.715
"2188","Namibia",1998,0.715
"2189","Namibia",1999,0.715
"2190","Namibia",2000,0.685
"2191","Namibia",2001,0.685
"2192","Namibia",2002,0.685
"2193","Namibia",2003,0.685
"2194","Namibia",2004,0.685
"2195","Namibia",2005,0.685
"2196","Namibia",2006,0.685
"2197","Namibia",2007,0.685
"2198","Namibia",2008,0.685
"2199","Namibia",2009,0.685
"2200","Namibia",2010,0.742
"2201","Namibia",2011,0.742
"2202","Namibia",2012,0.742
"2203","Namibia",2013,0.811
"2204","Namibia",2014,0.811
"2205","Palestine/West Bank",1994,0.648
"2206","Palestine/West Bank",1995,0.642
"2207","Palestine/West Bank",1996,0.642
"2208","Palestine/West Bank",1997,0.642
"2209","Palestine/West Bank",1998,0.642
"2210","Palestine/West Bank",1999,0.642
"2211","Palestine/West Bank",2000,0.642
"2212","Palestine/West Bank",2001,0.642
"2213","Palestine/West Bank",2002,0.642
"2214","Palestine/West Bank",2003,0.642
"2215","Palestine/West Bank",2004,0.727
"2216","Palestine/West Bank",2005,0.787
"2217","Palestine/West Bank",2006,0.722
"2218","Palestine/West Bank",2007,0.739
"2219","Palestine/West Bank",2008,0.772
"2220","Palestine/West Bank",2009,0.741
"2221","Palestine/West Bank",2010,0.763
"2222","Palestine/West Bank",2011,0.763
"2223","Palestine/West Bank",2012,0.779
"2224","Palestine/West Bank",2013,0.73
"2225","Palestine/West Bank",2014,0.729
"2226","Rwanda",1994,0.3
"2227","Rwanda",1995,0.546
"2228","Rwanda",1996,0.546
"2229","Rwanda",1997,0.546
"2230","Rwanda",1998,0.546
"2231","Rwanda",1999,0.546
"2232","Rwanda",2000,0.571
"2233","Rwanda",2001,0.571
"2234","Rwanda",2002,0.571
"2235","Rwanda",2003,0.575
"2236","Rwanda",2004,0.724
"2237","Rwanda",2005,0.769
"2238","Rwanda",2006,0.756
"2239","Rwanda",2007,0.756
"2240","Rwanda",2008,0.767
"2241","Rwanda",2009,0.767
"2242","Rwanda",2010,0.758
"2243","Rwanda",2011,0.802
"2244","Rwanda",2012,0.802
"2245","Rwanda",2013,0.784
"2246","Rwanda",2014,0.755
"2247","Somalia",1994,0.325
"2248","Somalia",1995,0.325
"2249","Somalia",1996,0.325
"2250","Somalia",1997,0.325
"2251","Somalia",1998,0.325
"2252","Somalia",1999,0.325
"2253","Somalia",2000,0.457
"2254","Somalia",2001,0.457
"2255","Somalia",2002,0.457
"2256","Somalia",2003,0.457
"2257","Somalia",2004,0.457
"2258","Somalia",2005,0.457
"2259","Somalia",2006,0.408
"2260","Somalia",2007,0.466
"2261","Somalia",2008,0.382
"2262","Somalia",2009,0.423
"2263","Somalia",2010,0.56
"2264","Somalia",2011,0.518
"2265","Somalia",2012,0.6
"2266","Somalia",2013,0.585
"2267","Somalia",2014,0.585
"2268","Sri Lanka",1994,0.644
"2269","Sri Lanka",1995,0.693
"2270","Sri Lanka",1996,0.693
"2271","Sri Lanka",1997,0.693
"2272","Sri Lanka",1998,0.693
"2273","Sri Lanka",1999,0.693
"2274","Sri Lanka",2000,0.693
"2275","Sri Lanka",2001,0.802
"2276","Sri Lanka",2002,0.802
"2277","Sri Lanka",2003,0.802
"2278","Sri Lanka",2004,0.802
"2279","Sri Lanka",2005,0.505
"2280","Sri Lanka",2006,0.527
"2281","Sri Lanka",2007,0.467
"2282","Sri Lanka",2008,0.453
"2283","Sri Lanka",2009,0.423
"2284","Sri Lanka",2010,0.545
"2285","Sri Lanka",2011,0.544
"2286","Sri Lanka",2012,0.516
"2287","Sri Lanka",2013,0.614
"2288","Sri Lanka",2014,0.676
"2289","Eswatini",1994,0.573
"2290","Eswatini",1995,0.573
"2291","Eswatini",1996,0.573
"2292","Eswatini",1997,0.573
"2293","Eswatini",1998,0.573
"2294","Eswatini",1999,0.573
"2295","Eswatini",2000,0.573
"2296","Eswatini",2001,0.573
"2297","Eswatini",2002,0.573
"2298","Eswatini",2003,0.573
"2299","Eswatini",2004,0.573
"2300","Eswatini",2005,0.524
"2301","Eswatini",2006,0.525
"2302","Eswatini",2007,0.525
"2303","Eswatini",2008,0.525
"2304","Eswatini",2009,0.525
"2305","Eswatini",2010,0.542
"2306","Eswatini",2011,0.486
"2307","Eswatini",2012,0.486
"2308","Eswatini",2013,0.551
"2309","Eswatini",2014,0.551
"2310","Tajikistan",1994,0.357
"2311","Tajikistan",1995,0.32
"2312","Tajikistan",1996,0.32
"2313","Tajikistan",1997,0.369
"2314","Tajikistan",1998,0.386
"2315","Tajikistan",1999,0.386
"2316","Tajikistan",2000,0.331
"2317","Tajikistan",2001,0.352
"2318","Tajikistan",2002,0.352
"2319","Tajikistan",2003,0.352
"2320","Tajikistan",2004,0.35
"2321","Tajikistan",2005,0.29
"2322","Tajikistan",2006,0.34
"2323","Tajikistan",2007,0.323
"2324","Tajikistan",2008,0.323
"2325","Tajikistan",2009,0.316
"2326","Tajikistan",2010,0.344
"2327","Tajikistan",2011,0.325
"2328","Tajikistan",2012,0.328
"2329","Tajikistan",2013,0.225
"2330","Tajikistan",2014,0.225
"2331","Togo",1994,0.541
"2332","Togo",1995,0.541
"2333","Togo",1996,0.541
"2334","Togo",1997,0.541
"2335","Togo",1998,0.541
"2336","Togo",1999,0.49
"2337","Togo",2000,0.49
"2338","Togo",2001,0.548
"2339","Togo",2002,0.548
"2340","Togo",2003,0.548
"2341","Togo",2004,0.583
"2342","Togo",2005,0.686
"2343","Togo",2006,0.804
"2344","Togo",2007,0.857
"2345","Togo",2008,0.858
"2346","Togo",2009,0.848
"2347","Togo",2010,0.857
"2348","Togo",2011,0.835
"2349","Togo",2012,0.822
"2350","Togo",2013,0.825
"2351","Togo",2014,0.849
"2352","Trinidad and Tobago",1994,0.851
"2353","Trinidad and Tobago",1995,0.796
"2354","Trinidad and Tobago",1996,0.796
"2355","Trinidad and Tobago",1997,0.796
"2356","Trinidad and Tobago",1998,0.796
"2357","Trinidad and Tobago",1999,0.796
"2358","Trinidad and Tobago",2000,0.868
"2359","Trinidad and Tobago",2001,0.868
"2360","Trinidad and Tobago",2002,0.868
"2361","Trinidad and Tobago",2003,0.868
"2362","Trinidad and Tobago",2004,0.868
"2363","Trinidad and Tobago",2005,0.868
"2364","Trinidad and Tobago",2006,0.868
"2365","Trinidad and Tobago",2007,0.868
"2366","Trinidad and Tobago",2008,0.868
"2367","Trinidad and Tobago",2009,0.868
"2368","Trinidad and Tobago",2010,0.862
"2369","Trinidad and Tobago",2011,0.862
"2370","Trinidad and Tobago",2012,0.862
"2371","Trinidad and Tobago",2013,0.876
"2372","Trinidad and Tobago",2014,0.876
"2373","Turkmenistan",1994,0.121
"2374","Turkmenistan",1995,0.121
"2375","Turkmenistan",1996,0.121
"2376","Turkmenistan",1997,0.121
"2377","Turkmenistan",1998,0.121
"2378","Turkmenistan",1999,0.121
"2379","Turkmenistan",2000,0.121
"2380","Turkmenistan",2001,0.121
"2381","Turkmenistan",2002,0.121
"2382","Turkmenistan",2003,0.121
"2383","Turkmenistan",2004,0.121
"2384","Turkmenistan",2005,0.121
"2385","Turkmenistan",2006,0.121
"2386","Turkmenistan",2007,0.129
"2387","Turkmenistan",2008,0.129
"2388","Turkmenistan",2009,0.129
"2389","Turkmenistan",2010,0.129
"2390","Turkmenistan",2011,0.129
"2391","Turkmenistan",2012,0.129
"2392","Turkmenistan",2013,0.051
"2393","Turkmenistan",2014,0.051
"2394","Palestine/Gaza",2007,0.671
"2395","Palestine/Gaza",2008,0.711
"2396","Palestine/Gaza",2009,0.711
"2397","Palestine/Gaza",2010,0.726
"2398","Palestine/Gaza",2011,0.721
"2399","Palestine/Gaza",2012,0.75
"2400","Palestine/Gaza",2013,0.682
"2401","Palestine/Gaza",2014,0.682
"2402","Somaliland",1994,0.54
"2403","Somaliland",1995,0.54
"2404","Somaliland",1996,0.54
"2405","Somaliland",1997,0.613
"2406","Somaliland",1998,0.613
"2407","Somaliland",1999,0.613
"2408","Somaliland",2000,0.645
"2409","Somaliland",2001,0.664
"2410","Somaliland",2002,0.69
"2411","Somaliland",2003,0.69
"2412","Somaliland",2004,0.759
"2413","Somaliland",2005,0.759
"2414","Somaliland",2006,0.759
"2415","Somaliland",2007,0.759
"2416","Somaliland",2008,0.759
"2417","Somaliland",2009,0.759
"2418","Somaliland",2010,0.771
"2419","Somaliland",2011,0.766
"2420","Somaliland",2012,0.773
"2421","Somaliland",2013,0.655
"2422","Somaliland",2014,0.655
"2423","Uzbekistan",1994,0.291
"2424","Uzbekistan",1995,0.291
"2425","Uzbekistan",1996,0.252
"2426","Uzbekistan",1997,0.252
"2427","Uzbekistan",1998,0.252
"2428","Uzbekistan",1999,0.252
"2429","Uzbekistan",2000,0.191
"2430","Uzbekistan",2001,0.191
"2431","Uzbekistan",2002,0.191
"2432","Uzbekistan",2003,0.191
"2433","Uzbekistan",2004,0.153
"2434","Uzbekistan",2005,0.153
"2435","Uzbekistan",2006,0.127
"2436","Uzbekistan",2007,0.111
"2437","Uzbekistan",2008,0.121
"2438","Uzbekistan",2009,0.121
"2439","Uzbekistan",2010,0.124
"2440","Uzbekistan",2011,0.102
"2441","Uzbekistan",2012,0.095
"2442","Uzbekistan",2013,0.151
"2443","Uzbekistan",2014,0.157
"2444","Bahrain",1994,0.148
"2445","Bahrain",1995,0.148
"2446","Bahrain",1996,0.148
"2447","Bahrain",1997,0.148
"2448","Bahrain",1998,0.148
"2449","Bahrain",1999,0.191
"2450","Bahrain",2000,0.199
"2451","Bahrain",2001,0.573
"2452","Bahrain",2002,0.652
"2453","Bahrain",2003,0.652
"2454","Bahrain",2004,0.652
"2455","Bahrain",2005,0.682
"2456","Bahrain",2006,0.682
"2457","Bahrain",2007,0.682
"2458","Bahrain",2008,0.682
"2459","Bahrain",2009,0.682
"2460","Bahrain",2010,0.682
"2461","Bahrain",2011,0.419
"2462","Bahrain",2012,0.276
"2463","Bahrain",2013,0.204
"2464","Bahrain",2014,0.204
"2465","Barbados",1994,0.833
"2466","Barbados",1995,0.833
"2467","Barbados",1996,0.833
"2468","Barbados",1997,0.833
"2469","Barbados",1998,0.833
"2470","Barbados",1999,0.833
"2471","Barbados",2000,0.856
"2472","Barbados",2001,0.856
"2473","Barbados",2002,0.856
"2474","Barbados",2003,0.856
"2475","Barbados",2004,0.856
"2476","Barbados",2005,0.912
"2477","Barbados",2006,0.912
"2478","Barbados",2007,0.912
"2479","Barbados",2008,0.912
"2480","Barbados",2009,0.912
"2481","Barbados",2010,0.912
"2482","Barbados",2011,0.912
"2483","Barbados",2012,0.912
"2484","Barbados",2013,0.912
"2485","Barbados",2014,0.912
"2486","Bosnia and Herzegovina",1994,0.416
"2487","Bosnia and Herzegovina",1995,0.416
"2488","Bosnia and Herzegovina",1996,0.584
"2489","Bosnia and Herzegovina",1997,0.544
"2490","Bosnia and Herzegovina",1998,0.592
"2491","Bosnia and Herzegovina",1999,0.521
"2492","Bosnia and Herzegovina",2000,0.611
"2493","Bosnia and Herzegovina",2001,0.601
"2494","Bosnia and Herzegovina",2002,0.601
"2495","Bosnia and Herzegovina",2003,0.649
"2496","Bosnia and Herzegovina",2004,0.649
"2497","Bosnia and Herzegovina",2005,0.592
"2498","Bosnia and Herzegovina",2006,0.622
"2499","Bosnia and Herzegovina",2007,0.592
"2500","Bosnia and Herzegovina",2008,0.64
"2501","Bosnia and Herzegovina",2009,0.64
"2502","Bosnia and Herzegovina",2010,0.636
"2503","Bosnia and Herzegovina",2011,0.636
"2504","Bosnia and Herzegovina",2012,0.636
"2505","Bosnia and Herzegovina",2013,0.723
"2506","Bosnia and Herzegovina",2014,0.68
"2507","Bulgaria",1994,0.76
"2508","Bulgaria",1995,0.76
"2509","Bulgaria",1996,0.76
"2510","Bulgaria",1997,0.76
"2511","Bulgaria",1998,0.76
"2512","Bulgaria",1999,0.76
"2513","Bulgaria",2000,0.76
"2514","Bulgaria",2001,0.76
"2515","Bulgaria",2002,0.76
"2516","Bulgaria",2003,0.76
"2517","Bulgaria",2004,0.76
"2518","Bulgaria",2005,0.76
"2519","Bulgaria",2006,0.716
"2520","Bulgaria",2007,0.748
"2521","Bulgaria",2008,0.682
"2522","Bulgaria",2009,0.754
"2523","Bulgaria",2010,0.797
"2524","Bulgaria",2011,0.826
"2525","Bulgaria",2012,0.813
"2526","Bulgaria",2013,0.8
"2527","Bulgaria",2014,0.837
"2528","Comoros",1994,0.54
"2529","Comoros",1995,0.54
"2530","Comoros",1996,0.54
"2531","Comoros",1997,0.568
"2532","Comoros",1998,0.568
"2533","Comoros",1999,0.568
"2534","Comoros",2000,0.583
"2535","Comoros",2001,0.583
"2536","Comoros",2002,0.583
"2537","Comoros",2003,0.509
"2538","Comoros",2004,0.509
"2539","Comoros",2005,0.509
"2540","Comoros",2006,0.509
"2541","Comoros",2007,0.509
"2542","Comoros",2008,0.509
"2543","Comoros",2009,0.509
"2544","Comoros",2010,0.509
"2545","Comoros",2011,0.509
"2546","Comoros",2012,0.509
"2547","Comoros",2013,0.605
"2548","Comoros",2014,0.605
"2549","Croatia",1994,0.581
"2550","Croatia",1995,0.581
"2551","Croatia",1996,0.581
"2552","Croatia",1997,0.642
"2553","Croatia",1998,0.642
"2554","Croatia",1999,0.642
"2555","Croatia",2000,0.754
"2556","Croatia",2001,0.752
"2557","Croatia",2002,0.752
"2558","Croatia",2003,0.79
"2559","Croatia",2004,0.79
"2560","Croatia",2005,0.79
"2561","Croatia",2006,0.79
"2562","Croatia",2007,0.79
"2563","Croatia",2008,0.79
"2564","Croatia",2009,0.806
"2565","Croatia",2010,0.836
"2566","Croatia",2011,0.845
"2567","Croatia",2012,0.845
"2568","Croatia",2013,0.883
"2569","Croatia",2014,0.883
"2570","Cuba",1994,0.181
"2571","Cuba",1995,0.181
"2572","Cuba",1996,0.181
"2573","Cuba",1997,0.181
"2574","Cuba",1998,0.181
"2575","Cuba",1999,0.181
"2576","Cuba",2000,0.181
"2577","Cuba",2001,0.181
"2578","Cuba",2002,0.181
"2579","Cuba",2003,0.181
"2580","Cuba",2004,0.181
"2581","Cuba",2005,0.181
"2582","Cuba",2006,0.181
"2583","Cuba",2007,0.181
"2584","Cuba",2008,0.181
"2585","Cuba",2009,0.181
"2586","Cuba",2010,0.188
"2587","Cuba",2011,0.188
"2588","Cuba",2012,0.186
"2589","Cuba",2013,0.152
"2590","Cuba",2014,0.159
"2591","Cyprus",1994,0.801
"2592","Cyprus",1995,0.801
"2593","Cyprus",1996,0.801
"2594","Cyprus",1997,0.801
"2595","Cyprus",1998,0.801
"2596","Cyprus",1999,0.801
"2597","Cyprus",2000,0.854
"2598","Cyprus",2001,0.854
"2599","Cyprus",2002,0.854
"2600","Cyprus",2003,0.854
"2601","Cyprus",2004,0.854
"2602","Cyprus",2005,0.926
"2603","Cyprus",2006,0.914
"2604","Cyprus",2007,0.916
"2605","Cyprus",2008,0.924
"2606","Cyprus",2009,0.906
"2607","Cyprus",2010,0.913
"2608","Cyprus",2011,0.939
"2609","Cyprus",2012,0.933
"2610","Cyprus",2013,0.922
"2611","Cyprus",2014,0.928
"2612","Czech Republic",1994,0.739
"2613","Czech Republic",1995,0.739
"2614","Czech Republic",1996,0.739
"2615","Czech Republic",1997,0.739
"2616","Czech Republic",1998,0.739
"2617","Czech Republic",1999,0.739
"2618","Czech Republic",2000,0.807
"2619","Czech Republic",2001,0.807
"2620","Czech Republic",2002,0.807
"2621","Czech Republic",2003,0.807
"2622","Czech Republic",2004,0.807
"2623","Czech Republic",2005,0.807
"2624","Czech Republic",2006,0.807
"2625","Czech Republic",2007,0.807
"2626","Czech Republic",2008,0.8
"2627","Czech Republic",2009,0.8
"2628","Czech Republic",2010,0.824
"2629","Czech Republic",2011,0.824
"2630","Czech Republic",2012,0.824
"2631","Czech Republic",2013,0.818
"2632","Czech Republic",2014,0.84
"2633","Equatorial Guinea",1994,0.204
"2634","Equatorial Guinea",1995,0.204
"2635","Equatorial Guinea",1996,0.204
"2636","Equatorial Guinea",1997,0.204
"2637","Equatorial Guinea",1998,0.204
"2638","Equatorial Guinea",1999,0.204
"2639","Equatorial Guinea",2000,0.205
"2640","Equatorial Guinea",2001,0.205
"2641","Equatorial Guinea",2002,0.205
"2642","Equatorial Guinea",2003,0.205
"2643","Equatorial Guinea",2004,0.205
"2644","Equatorial Guinea",2005,0.205
"2645","Equatorial Guinea",2006,0.205
"2646","Equatorial Guinea",2007,0.194
"2647","Equatorial Guinea",2008,0.194
"2648","Equatorial Guinea",2009,0.189
"2649","Equatorial Guinea",2010,0.144
"2650","Equatorial Guinea",2011,0.16
"2651","Equatorial Guinea",2012,0.149
"2652","Equatorial Guinea",2013,0.119
"2653","Equatorial Guinea",2014,0.137
"2654","Estonia",1994,0.811
"2655","Estonia",1995,0.811
"2656","Estonia",1996,0.754
"2657","Estonia",1997,0.754
"2658","Estonia",1998,0.754
"2659","Estonia",1999,0.754
"2660","Estonia",2000,0.789
"2661","Estonia",2001,0.789
"2662","Estonia",2002,0.789
"2663","Estonia",2003,0.802
"2664","Estonia",2004,0.802
"2665","Estonia",2005,0.802
"2666","Estonia",2006,0.802
"2667","Estonia",2007,0.802
"2668","Estonia",2008,0.833
"2669","Estonia",2009,0.833
"2670","Estonia",2010,0.833
"2671","Estonia",2011,0.833
"2672","Estonia",2012,0.833
"2673","Estonia",2013,0.841
"2674","Estonia",2014,0.809
"2675","Fiji",1994,0.593
"2676","Fiji",1995,0.593
"2677","Fiji",1996,0.593
"2678","Fiji",1997,0.593
"2679","Fiji",1998,0.593
"2680","Fiji",1999,0.593
"2681","Fiji",2000,0.593
"2682","Fiji",2001,0.593
"2683","Fiji",2002,0.593
"2684","Fiji",2003,0.593
"2685","Fiji",2004,0.593
"2686","Fiji",2005,0.593
"2687","Fiji",2006,0.571
"2688","Fiji",2007,0.529
"2689","Fiji",2008,0.529
"2690","Fiji",2009,0.478
"2691","Fiji",2010,0.445
"2692","Fiji",2011,0.445
"2693","Fiji",2012,0.414
"2694","Fiji",2013,0.534
"2695","Fiji",2014,0.605
"2696","Guyana",1994,0.342
"2697","Guyana",1995,0.342
"2698","Guyana",1996,0.342
"2699","Guyana",1997,0.342
"2700","Guyana",1998,0.735
"2701","Guyana",1999,0.762
"2702","Guyana",2000,0.762
"2703","Guyana",2001,0.762
"2704","Guyana",2002,0.762
"2705","Guyana",2003,0.762
"2706","Guyana",2004,0.762
"2707","Guyana",2005,0.762
"2708","Guyana",2006,0.815
"2709","Guyana",2007,0.788
"2710","Guyana",2008,0.788
"2711","Guyana",2009,0.816
"2712","Guyana",2010,0.799
"2713","Guyana",2011,0.764
"2714","Guyana",2012,0.775
"2715","Guyana",2013,0.793
"2716","Guyana",2014,0.824
"2717","Hong Kong",1994,0.791
"2718","Hong Kong",1995,0.791
"2719","Hong Kong",1996,0.791
"2720","Hong Kong",1997,0.835
"2721","Hong Kong",1998,0.759
"2722","Hong Kong",1999,0.759
"2723","Hong Kong",2000,0.759
"2724","Hong Kong",2001,0.759
"2725","Hong Kong",2002,0.759
"2726","Hong Kong",2003,0.839
"2727","Hong Kong",2004,0.84
"2728","Hong Kong",2005,0.84
"2729","Hong Kong",2006,0.84
"2730","Hong Kong",2007,0.867
"2731","Hong Kong",2008,0.868
"2732","Hong Kong",2009,0.868
"2733","Hong Kong",2010,0.88
"2734","Hong Kong",2011,0.88
"2735","Hong Kong",2012,0.864
"2736","Hong Kong",2013,0.827
"2737","Hong Kong",2014,0.848
"2738","Israel",1994,0.851
"2739","Israel",1995,0.877
"2740","Israel",1996,0.877
"2741","Israel",1997,0.877
"2742","Israel",1998,0.877
"2743","Israel",1999,0.877
"2744","Israel",2000,0.863
"2745","Israel",2001,0.863
"2746","Israel",2002,0.83
"2747","Israel",2003,0.83
"2748","Israel",2004,0.83
"2749","Israel",2005,0.83
"2750","Israel",2006,0.795
"2751","Israel",2007,0.795
"2752","Israel",2008,0.795
"2753","Israel",2009,0.795
"2754","Israel",2010,0.786
"2755","Israel",2011,0.786
"2756","Israel",2012,0.786
"2757","Israel",2013,0.793
"2758","Israel",2014,0.793
"2759","Kuwait",1994,0.601
"2760","Kuwait",1995,0.601
"2761","Kuwait",1996,0.601
"2762","Kuwait",1997,0.601
"2763","Kuwait",1998,0.601
"2764","Kuwait",1999,0.601
"2765","Kuwait",2000,0.594
"2766","Kuwait",2001,0.594
"2767","Kuwait",2002,0.564
"2768","Kuwait",2003,0.564
"2769","Kuwait",2004,0.564
"2770","Kuwait",2005,0.564
"2771","Kuwait",2006,0.564
"2772","Kuwait",2007,0.57
"2773","Kuwait",2008,0.57
"2774","Kuwait",2009,0.57
"2775","Kuwait",2010,0.547
"2776","Kuwait",2011,0.547
"2777","Kuwait",2012,0.617
"2778","Kuwait",2013,0.637
"2779","Kuwait",2014,0.637
"2780","Lithuania",1994,0.642
"2781","Lithuania",1995,0.642
"2782","Lithuania",1996,0.683
"2783","Lithuania",1997,0.673
"2784","Lithuania",1998,0.673
"2785","Lithuania",1999,0.673
"2786","Lithuania",2000,0.753
"2787","Lithuania",2001,0.74
"2788","Lithuania",2002,0.74
"2789","Lithuania",2003,0.74
"2790","Lithuania",2004,0.77
"2791","Lithuania",2005,0.738
"2792","Lithuania",2006,0.775
"2793","Lithuania",2007,0.721
"2794","Lithuania",2008,0.762
"2795","Lithuania",2009,0.776
"2796","Lithuania",2010,0.795
"2797","Lithuania",2011,0.724
"2798","Lithuania",2012,0.79
"2799","Lithuania",2013,0.77
"2800","Lithuania",2014,0.77
"2801","North Macedonia",1994,0.313
"2802","North Macedonia",1995,0.313
"2803","North Macedonia",1996,0.361
"2804","North Macedonia",1997,0.401
"2805","North Macedonia",1998,0.369
"2806","North Macedonia",1999,0.353
"2807","North Macedonia",2000,0.42
"2808","North Macedonia",2001,0.463
"2809","North Macedonia",2002,0.56
"2810","North Macedonia",2003,0.574
"2811","North Macedonia",2004,0.527
"2812","North Macedonia",2005,0.589
"2813","North Macedonia",2006,0.597
"2814","North Macedonia",2007,0.559
"2815","North Macedonia",2008,0.535
"2816","North Macedonia",2009,0.585
"2817","North Macedonia",2010,0.622
"2818","North Macedonia",2011,0.633
"2819","North Macedonia",2012,0.666
"2820","North Macedonia",2013,0.588
"2821","North Macedonia",2014,0.596
"2822","Malaysia",1994,0.402
"2823","Malaysia",1995,0.402
"2824","Malaysia",1996,0.402
"2825","Malaysia",1997,0.402
"2826","Malaysia",1998,0.402
"2827","Malaysia",1999,0.402
"2828","Malaysia",2000,0.713
"2829","Malaysia",2001,0.713
"2830","Malaysia",2002,0.713
"2831","Malaysia",2003,0.713
"2832","Malaysia",2004,0.713
"2833","Malaysia",2005,0.713
"2834","Malaysia",2006,0.699
"2835","Malaysia",2007,0.699
"2836","Malaysia",2008,0.78
"2837","Malaysia",2009,0.78
"2838","Malaysia",2010,0.777
"2839","Malaysia",2011,0.777
"2840","Malaysia",2012,0.777
"2841","Malaysia",2013,0.726
"2842","Malaysia",2014,0.726
"2843","Malta",1994,0.888
"2844","Malta",1995,0.888
"2845","Malta",1996,0.888
"2846","Malta",1997,0.888
"2847","Malta",1998,0.888
"2848","Malta",1999,0.888
"2849","Malta",2000,0.888
"2850","Malta",2001,0.888
"2851","Malta",2002,0.888
"2852","Malta",2003,0.888
"2853","Malta",2004,0.888
"2854","Malta",2005,0.888
"2855","Malta",2006,0.888
"2856","Malta",2007,0.888
"2857","Malta",2008,0.888
"2858","Malta",2009,0.888
"2859","Malta",2010,0.888
"2860","Malta",2011,0.888
"2861","Malta",2012,0.888
"2862","Malta",2013,0.845
"2863","Malta",2014,0.845
"2864","Mauritius",1994,0.8
"2865","Mauritius",1995,0.8
"2866","Mauritius",1996,0.8
"2867","Mauritius",1997,0.8
"2868","Mauritius",1998,0.8
"2869","Mauritius",1999,0.8
"2870","Mauritius",2000,0.849
"2871","Mauritius",2001,0.849
"2872","Mauritius",2002,0.849
"2873","Mauritius",2003,0.849
"2874","Mauritius",2004,0.849
"2875","Mauritius",2005,0.849
"2876","Mauritius",2006,0.849
"2877","Mauritius",2007,0.849
"2878","Mauritius",2008,0.849
"2879","Mauritius",2009,0.849
"2880","Mauritius",2010,0.833
"2881","Mauritius",2011,0.833
"2882","Mauritius",2012,0.833
"2883","Mauritius",2013,0.821
"2884","Mauritius",2014,0.821
"2885","Montenegro",1998,0.663
"2886","Montenegro",1999,0.663
"2887","Montenegro",2000,0.684
"2888","Montenegro",2001,0.718
"2889","Montenegro",2002,0.718
"2890","Montenegro",2003,0.718
"2891","Montenegro",2004,0.74
"2892","Montenegro",2005,0.74
"2893","Montenegro",2006,0.771
"2894","Montenegro",2007,0.776
"2895","Montenegro",2008,0.776
"2896","Montenegro",2009,0.816
"2897","Montenegro",2010,0.816
"2898","Montenegro",2011,0.816
"2899","Montenegro",2012,0.816
"2900","Montenegro",2013,0.752
"2901","Montenegro",2014,0.752
"2902","Oman",1994,0.349
"2903","Oman",1995,0.286
"2904","Oman",1996,0.287
"2905","Oman",1997,0.285
"2906","Oman",1998,0.285
"2907","Oman",1999,0.348
"2908","Oman",2000,0.302
"2909","Oman",2001,0.318
"2910","Oman",2002,0.318
"2911","Oman",2003,0.282
"2912","Oman",2004,0.333
"2913","Oman",2005,0.333
"2914","Oman",2006,0.333
"2915","Oman",2007,0.333
"2916","Oman",2008,0.301
"2917","Oman",2009,0.301
"2918","Oman",2010,0.309
"2919","Oman",2011,0.368
"2920","Oman",2012,0.423
"2921","Oman",2013,0.423
"2922","Oman",2014,0.396
"2923","Paraguay",1994,0.611
"2924","Paraguay",1995,0.611
"2925","Paraguay",1996,0.611
"2926","Paraguay",1997,0.611
"2927","Paraguay",1998,0.611
"2928","Paraguay",1999,0.611
"2929","Paraguay",2000,0.659
"2930","Paraguay",2001,0.659
"2931","Paraguay",2002,0.644
"2932","Paraguay",2003,0.644
"2933","Paraguay",2004,0.644
"2934","Paraguay",2005,0.644
"2935","Paraguay",2006,0.644
"2936","Paraguay",2007,0.644
"2937","Paraguay",2008,0.8
"2938","Paraguay",2009,0.764
"2939","Paraguay",2010,0.712
"2940","Paraguay",2011,0.717
"2941","Paraguay",2012,0.713
"2942","Paraguay",2013,0.611
"2943","Paraguay",2014,0.611
"2944","Romania",1994,0.64
"2945","Romania",1995,0.64
"2946","Romania",1996,0.685
"2947","Romania",1997,0.666
"2948","Romania",1998,0.666
"2949","Romania",1999,0.666
"2950","Romania",2000,0.684
"2951","Romania",2001,0.715
"2952","Romania",2002,0.715
"2953","Romania",2003,0.739
"2954","Romania",2004,0.739
"2955","Romania",2005,0.716
"2956","Romania",2006,0.716
"2957","Romania",2007,0.749
"2958","Romania",2008,0.791
"2959","Romania",2009,0.791
"2960","Romania",2010,0.787
"2961","Romania",2011,0.787
"2962","Romania",2012,0.787
"2963","Romania",2013,0.802
"2964","Romania",2014,0.802
"2965","Sao Tome and Principe",1994,0.686
"2966","Sao Tome and Principe",1995,0.686
"2967","Sao Tome and Principe",1996,0.686
"2968","Sao Tome and Principe",1997,0.686
"2969","Sao Tome and Principe",1998,0.686
"2970","Sao Tome and Principe",1999,0.686
"2971","Sao Tome and Principe",2000,0.686
"2972","Sao Tome and Principe",2001,0.686
"2973","Sao Tome and Principe",2002,0.686
"2974","Sao Tome and Principe",2003,0.686
"2975","Sao Tome and Principe",2004,0.686
"2976","Sao Tome and Principe",2005,0.686
"2977","Sao Tome and Principe",2006,0.686
"2978","Sao Tome and Principe",2007,0.686
"2979","Sao Tome and Principe",2008,0.686
"2980","Sao Tome and Principe",2009,0.686
"2981","Sao Tome and Principe",2010,0.686
"2982","Sao Tome and Principe",2011,0.686
"2983","Sao Tome and Principe",2012,0.681
"2984","Sao Tome and Principe",2013,0.704
"2985","Sao Tome and Principe",2014,0.704
"2986","Saudi Arabia",1994,0.193
"2987","Saudi Arabia",1995,0.193
"2988","Saudi Arabia",1996,0.158
"2989","Saudi Arabia",1997,0.197
"2990","Saudi Arabia",1998,0.173
"2991","Saudi Arabia",1999,0.178
"2992","Saudi Arabia",2000,0.177
"2993","Saudi Arabia",2001,0.181
"2994","Saudi Arabia",2002,0.181
"2995","Saudi Arabia",2003,0.196
"2996","Saudi Arabia",2004,0.22
"2997","Saudi Arabia",2005,0.217
"2998","Saudi Arabia",2006,0.233
"2999","Saudi Arabia",2007,0.233
"3000","Saudi Arabia",2008,0.239
"3001","Saudi Arabia",2009,0.239
"3002","Saudi Arabia",2010,0.249
"3003","Saudi Arabia",2011,0.253
"3004","Saudi Arabia",2012,0.248
"3005","Saudi Arabia",2013,0.245
"3006","Saudi Arabia",2014,0.22
"3007","Serbia",1994,0.177
"3008","Serbia",1995,0.177
"3009","Serbia",1996,0.177
"3010","Serbia",1997,0.177
"3011","Serbia",1998,0.294
"3012","Serbia",1999,0.294
"3013","Serbia",2000,0.652
"3014","Serbia",2001,0.657
"3015","Serbia",2002,0.683
"3016","Serbia",2003,0.72
"3017","Serbia",2004,0.666
"3018","Serbia",2005,0.666
"3019","Serbia",2006,0.69
"3020","Serbia",2007,0.69
"3021","Serbia",2008,0.673
"3022","Serbia",2009,0.668
"3023","Serbia",2010,0.718
"3024","Serbia",2011,0.718
"3025","Serbia",2012,0.666
"3026","Serbia",2013,0.624
"3027","Serbia",2014,0.62
"3028","Seychelles",1994,0.645
"3029","Seychelles",1995,0.605
"3030","Seychelles",1996,0.605
"3031","Seychelles",1997,0.605
"3032","Seychelles",1998,0.605
"3033","Seychelles",1999,0.685
"3034","Seychelles",2000,0.685
"3035","Seychelles",2001,0.685
"3036","Seychelles",2002,0.685
"3037","Seychelles",2003,0.7
"3038","Seychelles",2004,0.7
"3039","Seychelles",2005,0.7
"3040","Seychelles",2006,0.7
"3041","Seychelles",2007,0.7
"3042","Seychelles",2008,0.7
"3043","Seychelles",2009,0.65
"3044","Seychelles",2010,0.678
"3045","Seychelles",2011,0.678
"3046","Seychelles",2012,0.678
"3047","Seychelles",2013,0.762
"3048","Seychelles",2014,0.762
"3049","Singapore",1994,0.387
"3050","Singapore",1995,0.387
"3051","Singapore",1996,0.387
"3052","Singapore",1997,0.387
"3053","Singapore",1998,0.387
"3054","Singapore",1999,0.387
"3055","Singapore",2000,0.388
"3056","Singapore",2001,0.388
"3057","Singapore",2002,0.388
"3058","Singapore",2003,0.388
"3059","Singapore",2004,0.388
"3060","Singapore",2005,0.388
"3061","Singapore",2006,0.403
"3062","Singapore",2007,0.386
"3063","Singapore",2008,0.386
"3064","Singapore",2009,0.386
"3065","Singapore",2010,0.373
"3066","Singapore",2011,0.373
"3067","Singapore",2012,0.341
"3068","Singapore",2013,0.426
"3069","Singapore",2014,0.426
"3070","Slovakia",1994,0.707
"3071","Slovakia",1995,0.707
"3072","Slovakia",1996,0.707
"3073","Slovakia",1997,0.707
"3074","Slovakia",1998,0.726
"3075","Slovakia",1999,0.848
"3076","Slovakia",2000,0.848
"3077","Slovakia",2001,0.848
"3078","Slovakia",2002,0.769
"3079","Slovakia",2003,0.769
"3080","Slovakia",2004,0.769
"3081","Slovakia",2005,0.769
"3082","Slovakia",2006,0.75
"3083","Slovakia",2007,0.719
"3084","Slovakia",2008,0.762
"3085","Slovakia",2009,0.762
"3086","Slovakia",2010,0.755
"3087","Slovakia",2011,0.811
"3088","Slovakia",2012,0.857
"3089","Slovakia",2013,0.844
"3090","Slovakia",2014,0.844
"3091","Slovenia",1994,0.895
"3092","Slovenia",1995,0.893
"3093","Slovenia",1996,0.909
"3094","Slovenia",1997,0.904
"3095","Slovenia",1998,0.921
"3096","Slovenia",1999,0.921
"3097","Slovenia",2000,0.899
"3098","Slovenia",2001,0.885
"3099","Slovenia",2002,0.9
"3100","Slovenia",2003,0.919
"3101","Slovenia",2004,0.911
"3102","Slovenia",2005,0.857
"3103","Slovenia",2006,0.858
"3104","Slovenia",2007,0.858
"3105","Slovenia",2008,0.822
"3106","Slovenia",2009,0.921
"3107","Slovenia",2010,0.949
"3108","Slovenia",2011,0.87
"3109","Slovenia",2012,0.928
"3110","Slovenia",2013,0.894
"3111","Slovenia",2014,0.903
"3112","Solomon Islands",1994,0.556
"3113","Solomon Islands",1995,0.556
"3114","Solomon Islands",1996,0.556
"3115","Solomon Islands",1997,0.556
"3116","Solomon Islands",1998,0.556
"3117","Solomon Islands",1999,0.556
"3118","Solomon Islands",2000,0.556
"3119","Solomon Islands",2001,0.556
"3120","Solomon Islands",2002,0.556
"3121","Solomon Islands",2003,0.556
"3122","Solomon Islands",2004,0.556
"3123","Solomon Islands",2005,0.704
"3124","Solomon Islands",2006,0.704
"3125","Solomon Islands",2007,0.704
"3126","Solomon Islands",2008,0.704
"3127","Solomon Islands",2009,0.704
"3128","Solomon Islands",2010,0.696
"3129","Solomon Islands",2011,0.675
"3130","Solomon Islands",2012,0.675
"3131","Solomon Islands",2013,0.736
"3132","Solomon Islands",2014,0.741
"3133","Vanuatu",1994,0.801
"3134","Vanuatu",1995,0.801
"3135","Vanuatu",1996,0.801
"3136","Vanuatu",1997,0.801
"3137","Vanuatu",1998,0.801
"3138","Vanuatu",1999,0.801
"3139","Vanuatu",2000,0.801
"3140","Vanuatu",2001,0.801
"3141","Vanuatu",2002,0.801
"3142","Vanuatu",2003,0.801
"3143","Vanuatu",2004,0.801
"3144","Vanuatu",2005,0.801
"3145","Vanuatu",2006,0.801
"3146","Vanuatu",2007,0.801
"3147","Vanuatu",2008,0.801
"3148","Vanuatu",2009,0.801
"3149","Vanuatu",2010,0.827
"3150","Vanuatu",2011,0.827
"3151","Vanuatu",2012,0.827
"3152","Vanuatu",2013,0.827
"3153","Vanuatu",2014,0.827
"3154","United Arab Emirates",1994,0.303
"3155","United Arab Emirates",1995,0.303
"3156","United Arab Emirates",1996,0.303
"3157","United Arab Emirates",1997,0.303
"3158","United Arab Emirates",1998,0.25
"3159","United Arab Emirates",1999,0.25
"3160","United Arab Emirates",2000,0.293
"3161","United Arab Emirates",2001,0.257
"3162","United Arab Emirates",2002,0.257
"3163","United Arab Emirates",2003,0.257
"3164","United Arab Emirates",2004,0.257
"3165","United Arab Emirates",2005,0.255
"3166","United Arab Emirates",2006,0.255
"3167","United Arab Emirates",2007,0.248
"3168","United Arab Emirates",2008,0.226
"3169","United Arab Emirates",2009,0.254
"3170","United Arab Emirates",2010,0.212
"3171","United Arab Emirates",2011,0.25
"3172","United Arab Emirates",2012,0.285
"3173","United Arab Emirates",2013,0.285
"3174","United Arab Emirates",2014,0.319
"3175","Hungary",1994,0.836
"3176","Hungary",1995,0.836
"3177","Hungary",1996,0.836
"3178","Hungary",1997,0.836
"3179","Hungary",1998,0.836
"3180","Hungary",1999,0.777
"3181","Hungary",2000,0.762
"3182","Hungary",2001,0.762
"3183","Hungary",2002,0.762
"3184","Hungary",2003,0.762
"3185","Hungary",2004,0.762
"3186","Hungary",2005,0.732
"3187","Hungary",2006,0.732
"3188","Hungary",2007,0.732
"3189","Hungary",2008,0.732
"3190","Hungary",2009,0.732
"3191","Hungary",2010,0.701
"3192","Hungary",2011,0.635
"3193","Hungary",2012,0.635
"3194","Hungary",2013,0.576
"3195","Hungary",2014,0.485
"3196","Zanzibar",1994,0.54
"3197","Zanzibar",1995,0.581
"3198","Zanzibar",1996,0.816
"3199","Zanzibar",1997,0.816
"3200","Zanzibar",1998,0.816
"3201","Zanzibar",1999,0.816
"3202","Zanzibar",2000,0.816
"3203","Zanzibar",2001,0.816
"3204","Zanzibar",2002,0.816
"3205","Zanzibar",2003,0.816
"3206","Zanzibar",2004,0.543
"3207","Zanzibar",2005,0.526
"3208","Zanzibar",2006,0.536
"3209","Zanzibar",2007,0.575
"3210","Zanzibar",2008,0.575
"3211","Zanzibar",2009,0.557
"3212","Zanzibar",2010,0.769
"3213","Zanzibar",2011,0.681
"3214","Zanzibar",2012,0.746
"3215","Zanzibar",2013,0.729
"3216","Zanzibar",2014,0.715
