"","COUNTRY","YEAR","v2x_cspart"
"1","Afghanistan",1994,0.223
"2","Afghanistan",1995,0.14
"3","Afghanistan",1996,0.056
"4","Afghanistan",2000,0.056
"5","Afghanistan",2001,0.123
"6","Afghanistan",2002,0.677
"7","Afghanistan",2003,0.624
"8","Afghanistan",2004,0.704
"9","Afghanistan",2005,0.694
"10","Afghanistan",2006,0.668
"11","Afghanistan",2007,0.621
"12","Afghanistan",2008,0.621
"13","Afghanistan",2009,0.69
"14","Afghanistan",2010,0.656
"15","Afghanistan",2011,0.656
"16","Afghanistan",2012,0.656
"17","Afghanistan",2013,0.68
"18","Afghanistan",2014,0.68
"19","Albania",1994,0.447
"20","Albania",1995,0.447
"21","Albania",1996,0.447
"22","Albania",1997,0.447
"23","Albania",1998,0.557
"24","Albania",1999,0.564
"25","Albania",2000,0.565
"26","Albania",2001,0.565
"27","Albania",2002,0.565
"28","Albania",2003,0.597
"29","Albania",2004,0.692
"30","Albania",2005,0.712
"31","Albania",2006,0.712
"32","Albania",2007,0.712
"33","Albania",2008,0.691
"34","Albania",2009,0.703
"35","Albania",2010,0.703
"36","Albania",2011,0.703
"37","Albania",2012,0.703
"38","Albania",2013,0.556
"39","Albania",2014,0.565
"40","Algeria",1994,0.328
"41","Algeria",1995,0.328
"42","Algeria",1996,0.328
"43","Algeria",1997,0.328
"44","Algeria",1998,0.328
"45","Algeria",1999,0.28
"46","Algeria",2000,0.364
"47","Algeria",2001,0.364
"48","Algeria",2002,0.364
"49","Algeria",2003,0.364
"50","Algeria",2004,0.364
"51","Algeria",2005,0.364
"52","Algeria",2006,0.352
"53","Algeria",2007,0.331
"54","Algeria",2008,0.331
"55","Algeria",2009,0.331
"56","Algeria",2010,0.348
"57","Algeria",2011,0.348
"58","Algeria",2012,0.333
"59","Algeria",2013,0.332
"60","Algeria",2014,0.357
"61","Angola",1994,0.523
"62","Angola",1995,0.523
"63","Angola",1996,0.523
"64","Angola",1997,0.523
"65","Angola",1998,0.523
"66","Angola",1999,0.523
"67","Angola",2000,0.523
"68","Angola",2001,0.523
"69","Angola",2002,0.449
"70","Angola",2003,0.397
"71","Angola",2004,0.397
"72","Angola",2005,0.397
"73","Angola",2006,0.397
"74","Angola",2007,0.4
"75","Angola",2008,0.4
"76","Angola",2009,0.362
"77","Angola",2010,0.423
"78","Angola",2011,0.423
"79","Angola",2012,0.387
"80","Angola",2013,0.312
"81","Angola",2014,0.312
"82","Argentina",1994,0.83
"83","Argentina",1995,0.83
"84","Argentina",1996,0.83
"85","Argentina",1997,0.83
"86","Argentina",1998,0.83
"87","Argentina",1999,0.83
"88","Argentina",2000,0.83
"89","Argentina",2001,0.83
"90","Argentina",2002,0.879
"91","Argentina",2003,0.879
"92","Argentina",2004,0.866
"93","Argentina",2005,0.867
"94","Argentina",2006,0.867
"95","Argentina",2007,0.829
"96","Argentina",2008,0.829
"97","Argentina",2009,0.829
"98","Argentina",2010,0.819
"99","Argentina",2011,0.808
"100","Argentina",2012,0.808
"101","Argentina",2013,0.823
"102","Argentina",2014,0.823
"103","Armenia",1994,0.495
"104","Armenia",1995,0.494
"105","Armenia",1996,0.517
"106","Armenia",1997,0.521
"107","Armenia",1998,0.546
"108","Armenia",1999,0.45
"109","Armenia",2000,0.45
"110","Armenia",2001,0.45
"111","Armenia",2002,0.45
"112","Armenia",2003,0.507
"113","Armenia",2004,0.507
"114","Armenia",2005,0.467
"115","Armenia",2006,0.453
"116","Armenia",2007,0.482
"117","Armenia",2008,0.482
"118","Armenia",2009,0.5
"119","Armenia",2010,0.589
"120","Armenia",2011,0.57
"121","Armenia",2012,0.57
"122","Armenia",2013,0.543
"123","Armenia",2014,0.469
"124","Azerbaijan",1994,0.29
"125","Azerbaijan",1995,0.29
"126","Azerbaijan",1996,0.29
"127","Azerbaijan",1997,0.29
"128","Azerbaijan",1998,0.29
"129","Azerbaijan",1999,0.29
"130","Azerbaijan",2000,0.29
"131","Azerbaijan",2001,0.29
"132","Azerbaijan",2002,0.29
"133","Azerbaijan",2003,0.29
"134","Azerbaijan",2004,0.29
"135","Azerbaijan",2005,0.29
"136","Azerbaijan",2006,0.29
"137","Azerbaijan",2007,0.316
"138","Azerbaijan",2008,0.316
"139","Azerbaijan",2009,0.321
"140","Azerbaijan",2010,0.23
"141","Azerbaijan",2011,0.23
"142","Azerbaijan",2012,0.226
"143","Azerbaijan",2013,0.278
"144","Azerbaijan",2014,0.129
"145","Bahrain",1994,0.148
"146","Bahrain",1995,0.148
"147","Bahrain",1996,0.148
"148","Bahrain",1997,0.148
"149","Bahrain",1998,0.148
"150","Bahrain",1999,0.191
"151","Bahrain",2000,0.199
"152","Bahrain",2001,0.573
"153","Bahrain",2002,0.652
"154","Bahrain",2003,0.652
"155","Bahrain",2004,0.652
"156","Bahrain",2005,0.682
"157","Bahrain",2006,0.682
"158","Bahrain",2007,0.682
"159","Bahrain",2008,0.682
"160","Bahrain",2009,0.682
"161","Bahrain",2010,0.682
"162","Bahrain",2011,0.419
"163","Bahrain",2012,0.276
"164","Bahrain",2013,0.204
"165","Bahrain",2014,0.204
"166","Bangladesh",1994,0.669
"167","Bangladesh",1995,0.727
"168","Bangladesh",1996,0.727
"169","Bangladesh",1997,0.817
"170","Bangladesh",1998,0.817
"171","Bangladesh",1999,0.817
"172","Bangladesh",2000,0.817
"173","Bangladesh",2001,0.817
"174","Bangladesh",2002,0.733
"175","Bangladesh",2003,0.733
"176","Bangladesh",2004,0.733
"177","Bangladesh",2005,0.733
"178","Bangladesh",2006,0.733
"179","Bangladesh",2007,0.713
"180","Bangladesh",2008,0.713
"181","Bangladesh",2009,0.79
"182","Bangladesh",2010,0.772
"183","Bangladesh",2011,0.805
"184","Bangladesh",2012,0.756
"185","Bangladesh",2013,0.694
"186","Bangladesh",2014,0.715
"187","Barbados",1994,0.833
"188","Barbados",1995,0.833
"189","Barbados",1996,0.833
"190","Barbados",1997,0.833
"191","Barbados",1998,0.833
"192","Barbados",1999,0.833
"193","Barbados",2000,0.856
"194","Barbados",2001,0.856
"195","Barbados",2002,0.856
"196","Barbados",2003,0.856
"197","Barbados",2004,0.856
"198","Barbados",2005,0.912
"199","Barbados",2006,0.912
"200","Barbados",2007,0.912
"201","Barbados",2008,0.912
"202","Barbados",2009,0.912
"203","Barbados",2010,0.912
"204","Barbados",2011,0.912
"205","Barbados",2012,0.912
"206","Barbados",2013,0.912
"207","Barbados",2014,0.912
"208","Belarus",1994,0.66
"209","Belarus",1995,0.605
"210","Belarus",1996,0.492
"211","Belarus",1997,0.522
"212","Belarus",1998,0.534
"213","Belarus",1999,0.439
"214","Belarus",2000,0.328
"215","Belarus",2001,0.3
"216","Belarus",2002,0.3
"217","Belarus",2003,0.3
"218","Belarus",2004,0.3
"219","Belarus",2005,0.3
"220","Belarus",2006,0.3
"221","Belarus",2007,0.3
"222","Belarus",2008,0.3
"223","Belarus",2009,0.3
"224","Belarus",2010,0.3
"225","Belarus",2011,0.3
"226","Belarus",2012,0.3
"227","Belarus",2013,0.269
"228","Belarus",2014,0.269
"229","Benin",1994,0.908
"230","Benin",1995,0.908
"231","Benin",1996,0.908
"232","Benin",1997,0.917
"233","Benin",1998,0.917
"234","Benin",1999,0.917
"235","Benin",2000,0.917
"236","Benin",2001,0.917
"237","Benin",2002,0.917
"238","Benin",2003,0.917
"239","Benin",2004,0.917
"240","Benin",2005,0.875
"241","Benin",2006,0.875
"242","Benin",2007,0.88
"243","Benin",2008,0.874
"244","Benin",2009,0.874
"245","Benin",2010,0.868
"246","Benin",2011,0.868
"247","Benin",2012,0.868
"248","Benin",2013,0.88
"249","Benin",2014,0.88
"250","Bhutan",1994,0.366
"251","Bhutan",1995,0.366
"252","Bhutan",1996,0.352
"253","Bhutan",1997,0.352
"254","Bhutan",1998,0.352
"255","Bhutan",1999,0.463
"256","Bhutan",2000,0.551
"257","Bhutan",2001,0.551
"258","Bhutan",2002,0.566
"259","Bhutan",2003,0.62
"260","Bhutan",2004,0.62
"261","Bhutan",2005,0.62
"262","Bhutan",2006,0.62
"263","Bhutan",2007,0.7
"264","Bhutan",2008,0.716
"265","Bhutan",2009,0.807
"266","Bhutan",2010,0.772
"267","Bhutan",2011,0.772
"268","Bhutan",2012,0.772
"269","Bhutan",2013,0.82
"270","Bhutan",2014,0.82
"271","Bolivia",1994,0.733
"272","Bolivia",1995,0.707
"273","Bolivia",1996,0.707
"274","Bolivia",1997,0.707
"275","Bolivia",1998,0.707
"276","Bolivia",1999,0.707
"277","Bolivia",2000,0.778
"278","Bolivia",2001,0.778
"279","Bolivia",2002,0.79
"280","Bolivia",2003,0.836
"281","Bolivia",2004,0.832
"282","Bolivia",2005,0.838
"283","Bolivia",2006,0.922
"284","Bolivia",2007,0.957
"285","Bolivia",2008,0.957
"286","Bolivia",2009,0.957
"287","Bolivia",2010,0.953
"288","Bolivia",2011,0.953
"289","Bolivia",2012,0.909
"290","Bolivia",2013,0.924
"291","Bolivia",2014,0.935
"292","Bosnia-Herzegovina",1994,0.416
"293","Bosnia-Herzegovina",1995,0.416
"294","Bosnia-Herzegovina",1996,0.584
"295","Bosnia-Herzegovina",1997,0.544
"296","Bosnia-Herzegovina",1998,0.592
"297","Bosnia-Herzegovina",1999,0.521
"298","Bosnia-Herzegovina",2000,0.611
"299","Bosnia-Herzegovina",2001,0.601
"300","Bosnia-Herzegovina",2002,0.601
"301","Bosnia-Herzegovina",2003,0.649
"302","Bosnia-Herzegovina",2004,0.649
"303","Bosnia-Herzegovina",2005,0.592
"304","Bosnia-Herzegovina",2006,0.622
"305","Bosnia-Herzegovina",2007,0.592
"306","Bosnia-Herzegovina",2008,0.64
"307","Bosnia-Herzegovina",2009,0.64
"308","Bosnia-Herzegovina",2010,0.636
"309","Bosnia-Herzegovina",2011,0.636
"310","Bosnia-Herzegovina",2012,0.636
"311","Bosnia-Herzegovina",2013,0.723
"312","Bosnia-Herzegovina",2014,0.68
"313","Botswana",1994,0.785
"314","Botswana",1995,0.785
"315","Botswana",1996,0.785
"316","Botswana",1997,0.785
"317","Botswana",1998,0.778
"318","Botswana",1999,0.778
"319","Botswana",2000,0.778
"320","Botswana",2001,0.778
"321","Botswana",2002,0.778
"322","Botswana",2003,0.778
"323","Botswana",2004,0.778
"324","Botswana",2005,0.778
"325","Botswana",2006,0.778
"326","Botswana",2007,0.778
"327","Botswana",2008,0.788
"328","Botswana",2009,0.778
"329","Botswana",2010,0.801
"330","Botswana",2011,0.801
"331","Botswana",2012,0.801
"332","Botswana",2013,0.808
"333","Botswana",2014,0.824
"334","Brazil",1994,0.848
"335","Brazil",1995,0.848
"336","Brazil",1996,0.898
"337","Brazil",1997,0.898
"338","Brazil",1998,0.895
"339","Brazil",1999,0.895
"340","Brazil",2000,0.895
"341","Brazil",2001,0.895
"342","Brazil",2002,0.895
"343","Brazil",2003,0.945
"344","Brazil",2004,0.945
"345","Brazil",2005,0.945
"346","Brazil",2006,0.945
"347","Brazil",2007,0.945
"348","Brazil",2008,0.936
"349","Brazil",2009,0.936
"350","Brazil",2010,0.939
"351","Brazil",2011,0.934
"352","Brazil",2012,0.928
"353","Brazil",2013,0.914
"354","Brazil",2014,0.914
"355","Bulgaria",1994,0.76
"356","Bulgaria",1995,0.76
"357","Bulgaria",1996,0.76
"358","Bulgaria",1997,0.76
"359","Bulgaria",1998,0.76
"360","Bulgaria",1999,0.76
"361","Bulgaria",2000,0.76
"362","Bulgaria",2001,0.76
"363","Bulgaria",2002,0.76
"364","Bulgaria",2003,0.76
"365","Bulgaria",2004,0.76
"366","Bulgaria",2005,0.76
"367","Bulgaria",2006,0.716
"368","Bulgaria",2007,0.748
"369","Bulgaria",2008,0.682
"370","Bulgaria",2009,0.754
"371","Bulgaria",2010,0.797
"372","Bulgaria",2011,0.826
"373","Bulgaria",2012,0.813
"374","Bulgaria",2013,0.8
"375","Bulgaria",2014,0.837
"376","Burkina Faso",1994,0.711
"377","Burkina Faso",1995,0.711
"378","Burkina Faso",1996,0.711
"379","Burkina Faso",1997,0.706
"380","Burkina Faso",1998,0.706
"381","Burkina Faso",1999,0.706
"382","Burkina Faso",2000,0.784
"383","Burkina Faso",2001,0.784
"384","Burkina Faso",2002,0.784
"385","Burkina Faso",2003,0.784
"386","Burkina Faso",2004,0.784
"387","Burkina Faso",2005,0.784
"388","Burkina Faso",2006,0.792
"389","Burkina Faso",2007,0.805
"390","Burkina Faso",2008,0.795
"391","Burkina Faso",2009,0.806
"392","Burkina Faso",2010,0.814
"393","Burkina Faso",2011,0.798
"394","Burkina Faso",2012,0.878
"395","Burkina Faso",2013,0.838
"396","Burkina Faso",2014,0.825
"397","Burundi",1994,0.672
"398","Burundi",1995,0.672
"399","Burundi",1996,0.672
"400","Burundi",1997,0.672
"401","Burundi",1998,0.672
"402","Burundi",1999,0.672
"403","Burundi",2000,0.686
"404","Burundi",2001,0.686
"405","Burundi",2002,0.686
"406","Burundi",2003,0.675
"407","Burundi",2004,0.675
"408","Burundi",2005,0.634
"409","Burundi",2006,0.702
"410","Burundi",2007,0.67
"411","Burundi",2008,0.67
"412","Burundi",2009,0.67
"413","Burundi",2010,0.655
"414","Burundi",2011,0.655
"415","Burundi",2012,0.655
"416","Burundi",2013,0.646
"417","Burundi",2014,0.629
"418","Cambodia",1994,0.471
"419","Cambodia",1995,0.456
"420","Cambodia",1996,0.456
"421","Cambodia",1997,0.456
"422","Cambodia",1998,0.492
"423","Cambodia",1999,0.492
"424","Cambodia",2000,0.492
"425","Cambodia",2001,0.492
"426","Cambodia",2002,0.492
"427","Cambodia",2003,0.492
"428","Cambodia",2004,0.492
"429","Cambodia",2005,0.492
"430","Cambodia",2006,0.492
"431","Cambodia",2007,0.492
"432","Cambodia",2008,0.492
"433","Cambodia",2009,0.492
"434","Cambodia",2010,0.49
"435","Cambodia",2011,0.49
"436","Cambodia",2012,0.469
"437","Cambodia",2013,0.429
"438","Cambodia",2014,0.445
"439","Cameroon",1994,0.45
"440","Cameroon",1995,0.45
"441","Cameroon",1996,0.45
"442","Cameroon",1997,0.45
"443","Cameroon",1998,0.45
"444","Cameroon",1999,0.45
"445","Cameroon",2000,0.475
"446","Cameroon",2001,0.475
"447","Cameroon",2002,0.475
"448","Cameroon",2003,0.475
"449","Cameroon",2004,0.475
"450","Cameroon",2005,0.475
"451","Cameroon",2006,0.475
"452","Cameroon",2007,0.475
"453","Cameroon",2008,0.475
"454","Cameroon",2009,0.542
"455","Cameroon",2010,0.475
"456","Cameroon",2011,0.559
"457","Cameroon",2012,0.54
"458","Cameroon",2013,0.568
"459","Cameroon",2014,0.568
"460","Cape Verde",1994,0.846
"461","Cape Verde",1995,0.846
"462","Cape Verde",1996,0.846
"463","Cape Verde",1997,0.846
"464","Cape Verde",1998,0.846
"465","Cape Verde",1999,0.846
"466","Cape Verde",2000,0.846
"467","Cape Verde",2001,0.846
"468","Cape Verde",2002,0.846
"469","Cape Verde",2003,0.846
"470","Cape Verde",2004,0.846
"471","Cape Verde",2005,0.846
"472","Cape Verde",2006,0.812
"473","Cape Verde",2007,0.8
"474","Cape Verde",2008,0.8
"475","Cape Verde",2009,0.8
"476","Cape Verde",2010,0.819
"477","Cape Verde",2011,0.842
"478","Cape Verde",2012,0.847
"479","Cape Verde",2013,0.797
"480","Cape Verde",2014,0.797
"481","Central African Republic",1994,0.506
"482","Central African Republic",1995,0.506
"483","Central African Republic",1996,0.506
"484","Central African Republic",1997,0.53
"485","Central African Republic",1998,0.53
"486","Central African Republic",1999,0.565
"487","Central African Republic",2000,0.565
"488","Central African Republic",2001,0.565
"489","Central African Republic",2002,0.565
"490","Central African Republic",2003,0.603
"491","Central African Republic",2004,0.529
"492","Central African Republic",2005,0.6
"493","Central African Republic",2006,0.6
"494","Central African Republic",2007,0.6
"495","Central African Republic",2008,0.686
"496","Central African Republic",2009,0.601
"497","Central African Republic",2010,0.601
"498","Central African Republic",2011,0.601
"499","Central African Republic",2012,0.601
"500","Central African Republic",2013,0.593
"501","Central African Republic",2014,0.569
"502","Chad",1994,0.439
"503","Chad",1995,0.439
"504","Chad",1996,0.439
"505","Chad",1997,0.439
"506","Chad",1998,0.439
"507","Chad",1999,0.439
"508","Chad",2000,0.498
"509","Chad",2001,0.498
"510","Chad",2002,0.498
"511","Chad",2003,0.498
"512","Chad",2004,0.498
"513","Chad",2005,0.498
"514","Chad",2006,0.469
"515","Chad",2007,0.496
"516","Chad",2008,0.562
"517","Chad",2009,0.517
"518","Chad",2010,0.562
"519","Chad",2011,0.514
"520","Chad",2012,0.514
"521","Chad",2013,0.557
"522","Chad",2014,0.513
"523","Chile",1994,0.699
"524","Chile",1995,0.699
"525","Chile",1996,0.769
"526","Chile",1997,0.77
"527","Chile",1998,0.778
"528","Chile",1999,0.778
"529","Chile",2000,0.815
"530","Chile",2001,0.815
"531","Chile",2002,0.817
"532","Chile",2003,0.817
"533","Chile",2004,0.817
"534","Chile",2005,0.784
"535","Chile",2006,0.811
"536","Chile",2007,0.811
"537","Chile",2008,0.811
"538","Chile",2009,0.811
"539","Chile",2010,0.76
"540","Chile",2011,0.774
"541","Chile",2012,0.774
"542","Chile",2013,0.751
"543","Chile",2014,0.811
"544","China",1994,0.323
"545","China",1995,0.338
"546","China",1996,0.341
"547","China",1997,0.341
"548","China",1998,0.341
"549","China",1999,0.329
"550","China",2000,0.33
"551","China",2001,0.33
"552","China",2002,0.401
"553","China",2003,0.458
"554","China",2004,0.405
"555","China",2005,0.378
"556","China",2006,0.378
"557","China",2007,0.407
"558","China",2008,0.432
"559","China",2009,0.425
"560","China",2010,0.373
"561","China",2011,0.406
"562","China",2012,0.402
"563","China",2013,0.351
"564","China",2014,0.324
"565","Colombia",1994,0.664
"566","Colombia",1995,0.664
"567","Colombia",1996,0.664
"568","Colombia",1997,0.664
"569","Colombia",1998,0.692
"570","Colombia",1999,0.692
"571","Colombia",2000,0.692
"572","Colombia",2001,0.692
"573","Colombia",2002,0.692
"574","Colombia",2003,0.675
"575","Colombia",2004,0.675
"576","Colombia",2005,0.675
"577","Colombia",2006,0.644
"578","Colombia",2007,0.644
"579","Colombia",2008,0.644
"580","Colombia",2009,0.644
"581","Colombia",2010,0.74
"582","Colombia",2011,0.761
"583","Colombia",2012,0.761
"584","Colombia",2013,0.751
"585","Colombia",2014,0.759
"586","Comoros",1994,0.54
"587","Comoros",1995,0.54
"588","Comoros",1996,0.54
"589","Comoros",1997,0.568
"590","Comoros",1998,0.568
"591","Comoros",1999,0.568
"592","Comoros",2000,0.583
"593","Comoros",2001,0.583
"594","Comoros",2002,0.583
"595","Comoros",2003,0.509
"596","Comoros",2004,0.509
"597","Comoros",2005,0.509
"598","Comoros",2006,0.509
"599","Comoros",2007,0.509
"600","Comoros",2008,0.509
"601","Comoros",2009,0.509
"602","Comoros",2010,0.509
"603","Comoros",2011,0.509
"604","Comoros",2012,0.509
"605","Comoros",2013,0.605
"606","Comoros",2014,0.605
"607","Congo",1994,0.832
"608","Congo",1995,0.843
"609","Congo",1996,0.843
"610","Congo",1997,0.546
"611","Congo",1998,0.514
"612","Congo",1999,0.514
"613","Congo",2000,0.514
"614","Congo",2001,0.514
"615","Congo",2002,0.47
"616","Congo",2003,0.474
"617","Congo",2004,0.474
"618","Congo",2005,0.474
"619","Congo",2006,0.474
"620","Congo",2007,0.474
"621","Congo",2008,0.474
"622","Congo",2009,0.474
"623","Congo",2010,0.474
"624","Congo",2011,0.474
"625","Congo",2012,0.488
"626","Congo",2013,0.45
"627","Congo",2014,0.45
"628","Costa Rica",1994,0.956
"629","Costa Rica",1995,0.956
"630","Costa Rica",1996,0.956
"631","Costa Rica",1997,0.956
"632","Costa Rica",1998,0.956
"633","Costa Rica",1999,0.956
"634","Costa Rica",2000,0.956
"635","Costa Rica",2001,0.959
"636","Costa Rica",2002,0.959
"637","Costa Rica",2003,0.949
"638","Costa Rica",2004,0.949
"639","Costa Rica",2005,0.949
"640","Costa Rica",2006,0.959
"641","Costa Rica",2007,0.959
"642","Costa Rica",2008,0.959
"643","Costa Rica",2009,0.959
"644","Costa Rica",2010,0.959
"645","Costa Rica",2011,0.959
"646","Costa Rica",2012,0.959
"647","Costa Rica",2013,0.962
"648","Costa Rica",2014,0.962
"649","Cote d'lvoire",1994,0.576
"650","Cote d'lvoire",1995,0.657
"651","Cote d'lvoire",1996,0.657
"652","Cote d'lvoire",1997,0.657
"653","Cote d'lvoire",1998,0.657
"654","Cote d'lvoire",1999,0.692
"655","Cote d'lvoire",2000,0.797
"656","Cote d'lvoire",2001,0.756
"657","Cote d'lvoire",2002,0.645
"658","Cote d'lvoire",2003,0.665
"659","Cote d'lvoire",2004,0.691
"660","Cote d'lvoire",2005,0.691
"661","Cote d'lvoire",2006,0.681
"662","Cote d'lvoire",2007,0.702
"663","Cote d'lvoire",2008,0.657
"664","Cote d'lvoire",2009,0.657
"665","Cote d'lvoire",2010,0.704
"666","Cote d'lvoire",2011,0.575
"667","Cote d'lvoire",2012,0.657
"668","Cote d'lvoire",2013,0.77
"669","Cote d'lvoire",2014,0.767
"670","Croatia",1994,0.581
"671","Croatia",1995,0.581
"672","Croatia",1996,0.581
"673","Croatia",1997,0.642
"674","Croatia",1998,0.642
"675","Croatia",1999,0.642
"676","Croatia",2000,0.754
"677","Croatia",2001,0.752
"678","Croatia",2002,0.752
"679","Croatia",2003,0.79
"680","Croatia",2004,0.79
"681","Croatia",2005,0.79
"682","Croatia",2006,0.79
"683","Croatia",2007,0.79
"684","Croatia",2008,0.79
"685","Croatia",2009,0.806
"686","Croatia",2010,0.836
"687","Croatia",2011,0.845
"688","Croatia",2012,0.845
"689","Croatia",2013,0.883
"690","Croatia",2014,0.883
"691","Cuba",1994,0.181
"692","Cuba",1995,0.181
"693","Cuba",1996,0.181
"694","Cuba",1997,0.181
"695","Cuba",1998,0.181
"696","Cuba",1999,0.181
"697","Cuba",2000,0.181
"698","Cuba",2001,0.181
"699","Cuba",2002,0.181
"700","Cuba",2003,0.181
"701","Cuba",2004,0.181
"702","Cuba",2005,0.181
"703","Cuba",2006,0.181
"704","Cuba",2007,0.181
"705","Cuba",2008,0.181
"706","Cuba",2009,0.181
"707","Cuba",2010,0.188
"708","Cuba",2011,0.188
"709","Cuba",2012,0.186
"710","Cuba",2013,0.152
"711","Cuba",2014,0.159
"712","Cyprus",1994,0.801
"713","Cyprus",1995,0.801
"714","Cyprus",1996,0.801
"715","Cyprus",1997,0.801
"716","Cyprus",1998,0.801
"717","Cyprus",1999,0.801
"718","Cyprus",2000,0.854
"719","Cyprus",2001,0.854
"720","Cyprus",2002,0.854
"721","Cyprus",2003,0.854
"722","Cyprus",2004,0.854
"723","Cyprus",2005,0.926
"724","Cyprus",2006,0.914
"725","Cyprus",2007,0.916
"726","Cyprus",2008,0.924
"727","Cyprus",2009,0.906
"728","Cyprus",2010,0.913
"729","Cyprus",2011,0.939
"730","Cyprus",2012,0.933
"731","Cyprus",2013,0.922
"732","Cyprus",2014,0.928
"733","Czech Republic",1994,0.739
"734","Czech Republic",1995,0.739
"735","Czech Republic",1996,0.739
"736","Czech Republic",1997,0.739
"737","Czech Republic",1998,0.739
"738","Czech Republic",1999,0.739
"739","Czech Republic",2000,0.807
"740","Czech Republic",2001,0.807
"741","Czech Republic",2002,0.807
"742","Czech Republic",2003,0.807
"743","Czech Republic",2004,0.807
"744","Czech Republic",2005,0.807
"745","Czech Republic",2006,0.807
"746","Czech Republic",2007,0.807
"747","Czech Republic",2008,0.8
"748","Czech Republic",2009,0.8
"749","Czech Republic",2010,0.824
"750","Czech Republic",2011,0.824
"751","Czech Republic",2012,0.824
"752","Czech Republic",2013,0.818
"753","Czech Republic",2014,0.84
"754","Democratic Republic of the Congo",1994,0.33
"755","Democratic Republic of the Congo",1995,0.33
"756","Democratic Republic of the Congo",1996,0.33
"757","Democratic Republic of the Congo",2000,0.461
"758","Democratic Republic of the Congo",2001,0.461
"759","Democratic Republic of the Congo",2002,0.461
"760","Democratic Republic of the Congo",2003,0.461
"761","Democratic Republic of the Congo",2004,0.477
"762","Democratic Republic of the Congo",2005,0.477
"763","Democratic Republic of the Congo",2006,0.485
"764","Democratic Republic of the Congo",2007,0.432
"765","Democratic Republic of the Congo",2008,0.498
"766","Democratic Republic of the Congo",2009,0.477
"767","Democratic Republic of the Congo",2010,0.535
"768","Democratic Republic of the Congo",2011,0.557
"769","Democratic Republic of the Congo",2012,0.532
"770","Democratic Republic of the Congo",2013,0.436
"771","Democratic Republic of the Congo",2014,0.439
"772","Djibouti",1994,0.547
"773","Djibouti",1995,0.547
"774","Djibouti",1996,0.547
"775","Djibouti",1997,0.547
"776","Djibouti",1998,0.493
"777","Djibouti",1999,0.493
"778","Djibouti",2000,0.478
"779","Djibouti",2001,0.478
"780","Djibouti",2002,0.533
"781","Djibouti",2003,0.533
"782","Djibouti",2004,0.533
"783","Djibouti",2005,0.533
"784","Djibouti",2006,0.533
"785","Djibouti",2007,0.533
"786","Djibouti",2008,0.533
"787","Djibouti",2009,0.533
"788","Djibouti",2010,0.575
"789","Djibouti",2011,0.575
"790","Djibouti",2012,0.554
"791","Djibouti",2013,0.662
"792","Djibouti",2014,0.615
"793","Dominican Republic",1994,0.87
"794","Dominican Republic",1995,0.87
"795","Dominican Republic",1996,0.869
"796","Dominican Republic",1997,0.886
"797","Dominican Republic",1998,0.86
"798","Dominican Republic",1999,0.86
"799","Dominican Republic",2000,0.86
"800","Dominican Republic",2001,0.86
"801","Dominican Republic",2002,0.86
"802","Dominican Republic",2003,0.86
"803","Dominican Republic",2004,0.86
"804","Dominican Republic",2005,0.86
"805","Dominican Republic",2006,0.894
"806","Dominican Republic",2007,0.89
"807","Dominican Republic",2008,0.89
"808","Dominican Republic",2009,0.89
"809","Dominican Republic",2010,0.89
"810","Dominican Republic",2011,0.89
"811","Dominican Republic",2012,0.874
"812","Dominican Republic",2013,0.863
"813","Dominican Republic",2014,0.863
"814","Ecuador",1994,0.625
"815","Ecuador",1995,0.625
"816","Ecuador",1996,0.625
"817","Ecuador",1997,0.625
"818","Ecuador",1998,0.625
"819","Ecuador",1999,0.678
"820","Ecuador",2000,0.711
"821","Ecuador",2001,0.711
"822","Ecuador",2002,0.711
"823","Ecuador",2003,0.711
"824","Ecuador",2004,0.711
"825","Ecuador",2005,0.711
"826","Ecuador",2006,0.711
"827","Ecuador",2007,0.671
"828","Ecuador",2008,0.696
"829","Ecuador",2009,0.679
"830","Ecuador",2010,0.613
"831","Ecuador",2011,0.627
"832","Ecuador",2012,0.627
"833","Ecuador",2013,0.565
"834","Ecuador",2014,0.565
"835","Egypt",1994,0.304
"836","Egypt",1995,0.304
"837","Egypt",1996,0.304
"838","Egypt",1997,0.304
"839","Egypt",1998,0.308
"840","Egypt",1999,0.308
"841","Egypt",2000,0.273
"842","Egypt",2001,0.273
"843","Egypt",2002,0.354
"844","Egypt",2003,0.354
"845","Egypt",2004,0.288
"846","Egypt",2005,0.288
"847","Egypt",2006,0.288
"848","Egypt",2007,0.302
"849","Egypt",2008,0.302
"850","Egypt",2009,0.269
"851","Egypt",2010,0.28
"852","Egypt",2011,0.359
"853","Egypt",2012,0.386
"854","Egypt",2013,0.257
"855","Egypt",2014,0.225
"856","El Salvador",1994,0.681
"857","El Salvador",1995,0.648
"858","El Salvador",1996,0.682
"859","El Salvador",1997,0.682
"860","El Salvador",1998,0.682
"861","El Salvador",1999,0.682
"862","El Salvador",2000,0.682
"863","El Salvador",2001,0.682
"864","El Salvador",2002,0.682
"865","El Salvador",2003,0.682
"866","El Salvador",2004,0.687
"867","El Salvador",2005,0.687
"868","El Salvador",2006,0.687
"869","El Salvador",2007,0.687
"870","El Salvador",2008,0.687
"871","El Salvador",2009,0.747
"872","El Salvador",2010,0.809
"873","El Salvador",2011,0.775
"874","El Salvador",2012,0.775
"875","El Salvador",2013,0.73
"876","El Salvador",2014,0.725
"877","Equatorial Guinea",1994,0.204
"878","Equatorial Guinea",1995,0.204
"879","Equatorial Guinea",1996,0.204
"880","Equatorial Guinea",1997,0.204
"881","Equatorial Guinea",1998,0.204
"882","Equatorial Guinea",1999,0.204
"883","Equatorial Guinea",2000,0.205
"884","Equatorial Guinea",2001,0.205
"885","Equatorial Guinea",2002,0.205
"886","Equatorial Guinea",2003,0.205
"887","Equatorial Guinea",2004,0.205
"888","Equatorial Guinea",2005,0.205
"889","Equatorial Guinea",2006,0.205
"890","Equatorial Guinea",2007,0.194
"891","Equatorial Guinea",2008,0.194
"892","Equatorial Guinea",2009,0.189
"893","Equatorial Guinea",2010,0.144
"894","Equatorial Guinea",2011,0.16
"895","Equatorial Guinea",2012,0.149
"896","Equatorial Guinea",2013,0.119
"897","Equatorial Guinea",2014,0.137
"898","Eritrea",1994,0.106
"899","Eritrea",1995,0.106
"900","Eritrea",1996,0.106
"901","Eritrea",1997,0.106
"902","Eritrea",1998,0.106
"903","Eritrea",1999,0.106
"904","Eritrea",2000,0.07
"905","Eritrea",2001,0.07
"906","Eritrea",2002,0.045
"907","Eritrea",2003,0.031
"908","Eritrea",2004,0.031
"909","Eritrea",2005,0.031
"910","Eritrea",2006,0.031
"911","Eritrea",2007,0.031
"912","Eritrea",2008,0.031
"913","Eritrea",2009,0.031
"914","Eritrea",2010,0.043
"915","Eritrea",2011,0.043
"916","Eritrea",2012,0.043
"917","Eritrea",2013,0.031
"918","Eritrea",2014,0.031
"919","Estonia",1994,0.811
"920","Estonia",1995,0.811
"921","Estonia",1996,0.754
"922","Estonia",1997,0.754
"923","Estonia",1998,0.754
"924","Estonia",1999,0.754
"925","Estonia",2000,0.789
"926","Estonia",2001,0.789
"927","Estonia",2002,0.789
"928","Estonia",2003,0.802
"929","Estonia",2004,0.802
"930","Estonia",2005,0.802
"931","Estonia",2006,0.802
"932","Estonia",2007,0.802
"933","Estonia",2008,0.833
"934","Estonia",2009,0.833
"935","Estonia",2010,0.833
"936","Estonia",2011,0.833
"937","Estonia",2012,0.833
"938","Estonia",2013,0.841
"939","Estonia",2014,0.809
"940","Eswatini",1994,0.573
"941","Eswatini",1995,0.573
"942","Eswatini",1996,0.573
"943","Eswatini",1997,0.573
"944","Eswatini",1998,0.573
"945","Eswatini",1999,0.573
"946","Eswatini",2000,0.573
"947","Eswatini",2001,0.573
"948","Eswatini",2002,0.573
"949","Eswatini",2003,0.573
"950","Eswatini",2004,0.573
"951","Eswatini",2005,0.524
"952","Eswatini",2006,0.525
"953","Eswatini",2007,0.525
"954","Eswatini",2008,0.525
"955","Eswatini",2009,0.525
"956","Eswatini",2010,0.542
"957","Eswatini",2011,0.486
"958","Eswatini",2012,0.486
"959","Eswatini",2013,0.551
"960","Eswatini",2014,0.551
"961","Ethiopia",1994,0.377
"962","Ethiopia",1995,0.377
"963","Ethiopia",1996,0.377
"964","Ethiopia",1997,0.377
"965","Ethiopia",1998,0.377
"966","Ethiopia",1999,0.377
"967","Ethiopia",2000,0.377
"968","Ethiopia",2001,0.377
"969","Ethiopia",2002,0.377
"970","Ethiopia",2003,0.377
"971","Ethiopia",2004,0.377
"972","Ethiopia",2005,0.377
"973","Ethiopia",2006,0.342
"974","Ethiopia",2007,0.342
"975","Ethiopia",2008,0.342
"976","Ethiopia",2009,0.297
"977","Ethiopia",2010,0.383
"978","Ethiopia",2011,0.37
"979","Ethiopia",2012,0.346
"980","Ethiopia",2013,0.404
"981","Ethiopia",2014,0.404
"982","Fiji",1994,0.593
"983","Fiji",1995,0.593
"984","Fiji",1996,0.593
"985","Fiji",1997,0.593
"986","Fiji",1998,0.593
"987","Fiji",1999,0.593
"988","Fiji",2000,0.593
"989","Fiji",2001,0.593
"990","Fiji",2002,0.593
"991","Fiji",2003,0.593
"992","Fiji",2004,0.593
"993","Fiji",2005,0.593
"994","Fiji",2006,0.571
"995","Fiji",2007,0.529
"996","Fiji",2008,0.529
"997","Fiji",2009,0.478
"998","Fiji",2010,0.445
"999","Fiji",2011,0.445
"1000","Fiji",2012,0.414
"1001","Fiji",2013,0.534
"1002","Fiji",2014,0.605
"1003","Gabon",1994,0.722
"1004","Gabon",1995,0.722
"1005","Gabon",1996,0.722
"1006","Gabon",1997,0.722
"1007","Gabon",1998,0.722
"1008","Gabon",1999,0.722
"1009","Gabon",2000,0.722
"1010","Gabon",2001,0.721
"1011","Gabon",2002,0.721
"1012","Gabon",2003,0.721
"1013","Gabon",2004,0.721
"1014","Gabon",2005,0.721
"1015","Gabon",2006,0.721
"1016","Gabon",2007,0.795
"1017","Gabon",2008,0.795
"1018","Gabon",2009,0.795
"1019","Gabon",2010,0.83
"1020","Gabon",2011,0.83
"1021","Gabon",2012,0.816
"1022","Gabon",2013,0.852
"1023","Gabon",2014,0.852
"1024","Gambia",1994,0.37
"1025","Gambia",1995,0.296
"1026","Gambia",1996,0.296
"1027","Gambia",1997,0.259
"1028","Gambia",1998,0.274
"1029","Gambia",1999,0.274
"1030","Gambia",2000,0.294
"1031","Gambia",2001,0.294
"1032","Gambia",2002,0.294
"1033","Gambia",2003,0.294
"1034","Gambia",2004,0.294
"1035","Gambia",2005,0.294
"1036","Gambia",2006,0.289
"1037","Gambia",2007,0.289
"1038","Gambia",2008,0.339
"1039","Gambia",2009,0.339
"1040","Gambia",2010,0.339
"1041","Gambia",2011,0.339
"1042","Gambia",2012,0.339
"1043","Gambia",2013,0.302
"1044","Gambia",2014,0.318
"1045","Georgia",1994,0.444
"1046","Georgia",1995,0.449
"1047","Georgia",1996,0.39
"1048","Georgia",1997,0.39
"1049","Georgia",1998,0.39
"1050","Georgia",1999,0.39
"1051","Georgia",2000,0.492
"1052","Georgia",2001,0.481
"1053","Georgia",2002,0.51
"1054","Georgia",2003,0.47
"1055","Georgia",2004,0.778
"1056","Georgia",2005,0.705
"1057","Georgia",2006,0.706
"1058","Georgia",2007,0.755
"1059","Georgia",2008,0.715
"1060","Georgia",2009,0.77
"1061","Georgia",2010,0.788
"1062","Georgia",2011,0.798
"1063","Georgia",2012,0.813
"1064","Georgia",2013,0.787
"1065","Georgia",2014,0.773
"1066","Ghana",1994,0.864
"1067","Ghana",1995,0.864
"1068","Ghana",1996,0.897
"1069","Ghana",1997,0.898
"1070","Ghana",1998,0.898
"1071","Ghana",1999,0.915
"1072","Ghana",2000,0.898
"1073","Ghana",2001,0.898
"1074","Ghana",2002,0.898
"1075","Ghana",2003,0.914
"1076","Ghana",2004,0.914
"1077","Ghana",2005,0.914
"1078","Ghana",2006,0.914
"1079","Ghana",2007,0.914
"1080","Ghana",2008,0.914
"1081","Ghana",2009,0.914
"1082","Ghana",2010,0.914
"1083","Ghana",2011,0.914
"1084","Ghana",2012,0.919
"1085","Ghana",2013,0.868
"1086","Ghana",2014,0.868
"1087","Guatemala",1994,0.798
"1088","Guatemala",1995,0.777
"1089","Guatemala",1996,0.832
"1090","Guatemala",1997,0.714
"1091","Guatemala",1998,0.714
"1092","Guatemala",1999,0.714
"1093","Guatemala",2000,0.739
"1094","Guatemala",2001,0.739
"1095","Guatemala",2002,0.739
"1096","Guatemala",2003,0.739
"1097","Guatemala",2004,0.739
"1098","Guatemala",2005,0.739
"1099","Guatemala",2006,0.739
"1100","Guatemala",2007,0.739
"1101","Guatemala",2008,0.739
"1102","Guatemala",2009,0.739
"1103","Guatemala",2010,0.722
"1104","Guatemala",2011,0.722
"1105","Guatemala",2012,0.722
"1106","Guatemala",2013,0.738
"1107","Guatemala",2014,0.738
"1108","Guinea",1994,0.775
"1109","Guinea",1995,0.775
"1110","Guinea",1996,0.775
"1111","Guinea",1997,0.755
"1112","Guinea",1998,0.755
"1113","Guinea",1999,0.755
"1114","Guinea",2000,0.829
"1115","Guinea",2001,0.829
"1116","Guinea",2002,0.829
"1117","Guinea",2003,0.829
"1118","Guinea",2004,0.773
"1119","Guinea",2005,0.773
"1120","Guinea",2006,0.823
"1121","Guinea",2007,0.823
"1122","Guinea",2008,0.799
"1123","Guinea",2009,0.762
"1124","Guinea",2010,0.879
"1125","Guinea",2011,0.879
"1126","Guinea",2012,0.879
"1127","Guinea",2013,0.802
"1128","Guinea",2014,0.802
"1129","Guinea-Bissau",1994,0.584
"1130","Guinea-Bissau",1995,0.703
"1131","Guinea-Bissau",1996,0.703
"1132","Guinea-Bissau",1997,0.703
"1133","Guinea-Bissau",1998,0.703
"1134","Guinea-Bissau",1999,0.703
"1135","Guinea-Bissau",2000,0.736
"1136","Guinea-Bissau",2001,0.736
"1137","Guinea-Bissau",2002,0.698
"1138","Guinea-Bissau",2003,0.638
"1139","Guinea-Bissau",2004,0.68
"1140","Guinea-Bissau",2005,0.68
"1141","Guinea-Bissau",2006,0.673
"1142","Guinea-Bissau",2007,0.673
"1143","Guinea-Bissau",2008,0.673
"1144","Guinea-Bissau",2009,0.749
"1145","Guinea-Bissau",2010,0.749
"1146","Guinea-Bissau",2011,0.749
"1147","Guinea-Bissau",2012,0.749
"1148","Guinea-Bissau",2013,0.738
"1149","Guinea-Bissau",2014,0.738
"1150","Guyana",1994,0.342
"1151","Guyana",1995,0.342
"1152","Guyana",1996,0.342
"1153","Guyana",1997,0.342
"1154","Guyana",1998,0.735
"1155","Guyana",1999,0.762
"1156","Guyana",2000,0.762
"1157","Guyana",2001,0.762
"1158","Guyana",2002,0.762
"1159","Guyana",2003,0.762
"1160","Guyana",2004,0.762
"1161","Guyana",2005,0.762
"1162","Guyana",2006,0.815
"1163","Guyana",2007,0.788
"1164","Guyana",2008,0.788
"1165","Guyana",2009,0.816
"1166","Guyana",2010,0.799
"1167","Guyana",2011,0.764
"1168","Guyana",2012,0.775
"1169","Guyana",2013,0.793
"1170","Guyana",2014,0.824
"1171","Haiti",1994,0.443
"1172","Haiti",1995,0.494
"1173","Haiti",1996,0.494
"1174","Haiti",1997,0.494
"1175","Haiti",1998,0.494
"1176","Haiti",1999,0.494
"1177","Haiti",2000,0.494
"1178","Haiti",2001,0.494
"1179","Haiti",2002,0.494
"1180","Haiti",2003,0.559
"1181","Haiti",2004,0.472
"1182","Haiti",2005,0.459
"1183","Haiti",2006,0.503
"1184","Haiti",2007,0.529
"1185","Haiti",2008,0.529
"1186","Haiti",2009,0.529
"1187","Haiti",2010,0.529
"1188","Haiti",2011,0.529
"1189","Haiti",2012,0.529
"1190","Haiti",2013,0.424
"1191","Haiti",2014,0.424
"1192","Honduras",1994,0.618
"1193","Honduras",1995,0.652
"1194","Honduras",1996,0.652
"1195","Honduras",1997,0.652
"1196","Honduras",1998,0.652
"1197","Honduras",1999,0.652
"1198","Honduras",2000,0.652
"1199","Honduras",2001,0.652
"1200","Honduras",2002,0.652
"1201","Honduras",2003,0.652
"1202","Honduras",2004,0.652
"1203","Honduras",2005,0.639
"1204","Honduras",2006,0.639
"1205","Honduras",2007,0.639
"1206","Honduras",2008,0.639
"1207","Honduras",2009,0.64
"1208","Honduras",2010,0.611
"1209","Honduras",2011,0.604
"1210","Honduras",2012,0.604
"1211","Honduras",2013,0.722
"1212","Honduras",2014,0.67
"1213","Hungary",1994,0.836
"1214","Hungary",1995,0.836
"1215","Hungary",1996,0.836
"1216","Hungary",1997,0.836
"1217","Hungary",1998,0.836
"1218","Hungary",1999,0.777
"1219","Hungary",2000,0.762
"1220","Hungary",2001,0.762
"1221","Hungary",2002,0.762
"1222","Hungary",2003,0.762
"1223","Hungary",2004,0.762
"1224","Hungary",2005,0.732
"1225","Hungary",2006,0.732
"1226","Hungary",2007,0.732
"1227","Hungary",2008,0.732
"1228","Hungary",2009,0.732
"1229","Hungary",2010,0.701
"1230","Hungary",2011,0.635
"1231","Hungary",2012,0.635
"1232","Hungary",2013,0.576
"1233","Hungary",2014,0.485
"1234","India",1994,0.82
"1235","India",1995,0.82
"1236","India",1996,0.82
"1237","India",1997,0.82
"1238","India",1998,0.82
"1239","India",1999,0.82
"1240","India",2000,0.82
"1241","India",2001,0.82
"1242","India",2002,0.82
"1243","India",2003,0.874
"1244","India",2004,0.818
"1245","India",2005,0.813
"1246","India",2006,0.813
"1247","India",2007,0.813
"1248","India",2008,0.813
"1249","India",2009,0.813
"1250","India",2010,0.84
"1251","India",2011,0.861
"1252","India",2012,0.875
"1253","India",2013,0.843
"1254","India",2014,0.698
"1255","Indonesia",1994,0.12
"1256","Indonesia",1995,0.12
"1257","Indonesia",1996,0.12
"1258","Indonesia",1997,0.12
"1259","Indonesia",1998,0.39
"1260","Indonesia",1999,0.461
"1261","Indonesia",2000,0.846
"1262","Indonesia",2001,0.846
"1263","Indonesia",2002,0.846
"1264","Indonesia",2003,0.846
"1265","Indonesia",2004,0.856
"1266","Indonesia",2005,0.859
"1267","Indonesia",2006,0.859
"1268","Indonesia",2007,0.859
"1269","Indonesia",2008,0.822
"1270","Indonesia",2009,0.835
"1271","Indonesia",2010,0.834
"1272","Indonesia",2011,0.834
"1273","Indonesia",2012,0.834
"1274","Indonesia",2013,0.915
"1275","Indonesia",2014,0.922
"1276","Iran",1994,0.346
"1277","Iran",1995,0.346
"1278","Iran",1996,0.384
"1279","Iran",1997,0.378
"1280","Iran",1998,0.451
"1281","Iran",1999,0.451
"1282","Iran",2000,0.417
"1283","Iran",2001,0.417
"1284","Iran",2002,0.417
"1285","Iran",2003,0.416
"1286","Iran",2004,0.475
"1287","Iran",2005,0.439
"1288","Iran",2006,0.238
"1289","Iran",2007,0.238
"1290","Iran",2008,0.238
"1291","Iran",2009,0.308
"1292","Iran",2010,0.253
"1293","Iran",2011,0.253
"1294","Iran",2012,0.263
"1295","Iran",2013,0.312
"1296","Iran",2014,0.312
"1297","Iraq",1994,0.046
"1298","Iraq",1995,0.046
"1299","Iraq",1996,0.046
"1300","Iraq",1997,0.046
"1301","Iraq",1998,0.046
"1302","Iraq",1999,0.048
"1303","Iraq",2000,0.048
"1304","Iraq",2001,0.048
"1305","Iraq",2002,0.096
"1306","Iraq",2003,0.146
"1307","Iraq",2004,0.655
"1308","Iraq",2005,0.655
"1309","Iraq",2006,0.625
"1310","Iraq",2007,0.625
"1311","Iraq",2008,0.621
"1312","Iraq",2009,0.691
"1313","Iraq",2010,0.617
"1314","Iraq",2011,0.682
"1315","Iraq",2012,0.716
"1316","Iraq",2013,0.65
"1317","Iraq",2014,0.609
"1318","Israel",1994,0.851
"1319","Israel",1995,0.877
"1320","Israel",1996,0.877
"1321","Israel",1997,0.877
"1322","Israel",1998,0.877
"1323","Israel",1999,0.877
"1324","Israel",2000,0.863
"1325","Israel",2001,0.863
"1326","Israel",2002,0.83
"1327","Israel",2003,0.83
"1328","Israel",2004,0.83
"1329","Israel",2005,0.83
"1330","Israel",2006,0.795
"1331","Israel",2007,0.795
"1332","Israel",2008,0.795
"1333","Israel",2009,0.795
"1334","Israel",2010,0.786
"1335","Israel",2011,0.786
"1336","Israel",2012,0.786
"1337","Israel",2013,0.793
"1338","Israel",2014,0.793
"1339","Jamaica",1994,0.746
"1340","Jamaica",1995,0.746
"1341","Jamaica",1996,0.746
"1342","Jamaica",1997,0.746
"1343","Jamaica",1998,0.746
"1344","Jamaica",1999,0.816
"1345","Jamaica",2000,0.775
"1346","Jamaica",2001,0.775
"1347","Jamaica",2002,0.775
"1348","Jamaica",2003,0.775
"1349","Jamaica",2004,0.775
"1350","Jamaica",2005,0.861
"1351","Jamaica",2006,0.843
"1352","Jamaica",2007,0.826
"1353","Jamaica",2008,0.826
"1354","Jamaica",2009,0.826
"1355","Jamaica",2010,0.844
"1356","Jamaica",2011,0.879
"1357","Jamaica",2012,0.879
"1358","Jamaica",2013,0.874
"1359","Jamaica",2014,0.9
"1360","Jordan",1994,0.464
"1361","Jordan",1995,0.464
"1362","Jordan",1996,0.464
"1363","Jordan",1997,0.464
"1364","Jordan",1998,0.464
"1365","Jordan",1999,0.464
"1366","Jordan",2000,0.464
"1367","Jordan",2001,0.464
"1368","Jordan",2002,0.464
"1369","Jordan",2003,0.464
"1370","Jordan",2004,0.464
"1371","Jordan",2005,0.464
"1372","Jordan",2006,0.502
"1373","Jordan",2007,0.524
"1374","Jordan",2008,0.524
"1375","Jordan",2009,0.524
"1376","Jordan",2010,0.535
"1377","Jordan",2011,0.505
"1378","Jordan",2012,0.622
"1379","Jordan",2013,0.642
"1380","Jordan",2014,0.617
"1381","Kazakhstan",1994,0.496
"1382","Kazakhstan",1995,0.496
"1383","Kazakhstan",1996,0.545
"1384","Kazakhstan",1997,0.545
"1385","Kazakhstan",1998,0.558
"1386","Kazakhstan",1999,0.558
"1387","Kazakhstan",2000,0.502
"1388","Kazakhstan",2001,0.502
"1389","Kazakhstan",2002,0.502
"1390","Kazakhstan",2003,0.502
"1391","Kazakhstan",2004,0.502
"1392","Kazakhstan",2005,0.514
"1393","Kazakhstan",2006,0.514
"1394","Kazakhstan",2007,0.514
"1395","Kazakhstan",2008,0.514
"1396","Kazakhstan",2009,0.514
"1397","Kazakhstan",2010,0.476
"1398","Kazakhstan",2011,0.476
"1399","Kazakhstan",2012,0.476
"1400","Kazakhstan",2013,0.544
"1401","Kazakhstan",2014,0.544
"1402","Kenya",1994,0.754
"1403","Kenya",1995,0.754
"1404","Kenya",1996,0.754
"1405","Kenya",1997,0.783
"1406","Kenya",1998,0.751
"1407","Kenya",1999,0.751
"1408","Kenya",2000,0.774
"1409","Kenya",2001,0.782
"1410","Kenya",2002,0.777
"1411","Kenya",2003,0.875
"1412","Kenya",2004,0.875
"1413","Kenya",2005,0.875
"1414","Kenya",2006,0.853
"1415","Kenya",2007,0.842
"1416","Kenya",2008,0.842
"1417","Kenya",2009,0.842
"1418","Kenya",2010,0.874
"1419","Kenya",2011,0.852
"1420","Kenya",2012,0.883
"1421","Kenya",2013,0.86
"1422","Kenya",2014,0.86
"1423","Kosovo",2008,0.461
"1424","Kosovo",2009,0.461
"1425","Kosovo",2010,0.431
"1426","Kosovo",2014,0.445
"1427","Kuwait",1994,0.601
"1428","Kuwait",1995,0.601
"1429","Kuwait",1996,0.601
"1430","Kuwait",1997,0.601
"1431","Kuwait",1998,0.601
"1432","Kuwait",1999,0.601
"1433","Kuwait",2000,0.594
"1434","Kuwait",2001,0.594
"1435","Kuwait",2002,0.564
"1436","Kuwait",2003,0.564
"1437","Kuwait",2004,0.564
"1438","Kuwait",2005,0.564
"1439","Kuwait",2006,0.564
"1440","Kuwait",2007,0.57
"1441","Kuwait",2008,0.57
"1442","Kuwait",2009,0.57
"1443","Kuwait",2010,0.547
"1444","Kuwait",2011,0.547
"1445","Kuwait",2012,0.617
"1446","Kuwait",2013,0.637
"1447","Kuwait",2014,0.637
"1448","Kyrgyz Republic",1994,0.367
"1449","Kyrgyz Republic",1995,0.367
"1450","Kyrgyz Republic",1996,0.367
"1451","Kyrgyz Republic",1997,0.367
"1452","Kyrgyz Republic",1998,0.411
"1453","Kyrgyz Republic",1999,0.411
"1454","Kyrgyz Republic",2000,0.489
"1455","Kyrgyz Republic",2001,0.553
"1456","Kyrgyz Republic",2002,0.553
"1457","Kyrgyz Republic",2003,0.553
"1458","Kyrgyz Republic",2004,0.553
"1459","Kyrgyz Republic",2005,0.553
"1460","Kyrgyz Republic",2006,0.531
"1461","Kyrgyz Republic",2007,0.51
"1462","Kyrgyz Republic",2008,0.471
"1463","Kyrgyz Republic",2009,0.471
"1464","Kyrgyz Republic",2010,0.544
"1465","Kyrgyz Republic",2011,0.707
"1466","Kyrgyz Republic",2012,0.728
"1467","Kyrgyz Republic",2013,0.733
"1468","Kyrgyz Republic",2014,0.697
"1469","Laos",1994,0.09
"1470","Laos",1995,0.09
"1471","Laos",1996,0.09
"1472","Laos",1997,0.09
"1473","Laos",1998,0.09
"1474","Laos",1999,0.09
"1475","Laos",2000,0.09
"1476","Laos",2001,0.09
"1477","Laos",2002,0.09
"1478","Laos",2003,0.09
"1479","Laos",2004,0.122
"1480","Laos",2005,0.122
"1481","Laos",2006,0.122
"1482","Laos",2007,0.122
"1483","Laos",2008,0.122
"1484","Laos",2009,0.132
"1485","Laos",2010,0.231
"1486","Laos",2011,0.231
"1487","Laos",2012,0.231
"1488","Laos",2013,0.188
"1489","Laos",2014,0.188
"1490","Latvia",1994,0.714
"1491","Latvia",1995,0.698
"1492","Latvia",1996,0.726
"1493","Latvia",1997,0.726
"1494","Latvia",1998,0.726
"1495","Latvia",1999,0.756
"1496","Latvia",2000,0.756
"1497","Latvia",2001,0.701
"1498","Latvia",2002,0.701
"1499","Latvia",2003,0.771
"1500","Latvia",2004,0.79
"1501","Latvia",2005,0.803
"1502","Latvia",2006,0.764
"1503","Latvia",2007,0.815
"1504","Latvia",2008,0.812
"1505","Latvia",2009,0.793
"1506","Latvia",2010,0.843
"1507","Latvia",2011,0.836
"1508","Latvia",2012,0.796
"1509","Latvia",2013,0.877
"1510","Latvia",2014,0.849
"1511","Lebanon",1994,0.426
"1512","Lebanon",1995,0.426
"1513","Lebanon",1996,0.436
"1514","Lebanon",1997,0.446
"1515","Lebanon",1998,0.446
"1516","Lebanon",1999,0.446
"1517","Lebanon",2000,0.458
"1518","Lebanon",2001,0.439
"1519","Lebanon",2002,0.439
"1520","Lebanon",2003,0.439
"1521","Lebanon",2004,0.439
"1522","Lebanon",2005,0.676
"1523","Lebanon",2006,0.737
"1524","Lebanon",2007,0.682
"1525","Lebanon",2008,0.649
"1526","Lebanon",2009,0.748
"1527","Lebanon",2010,0.713
"1528","Lebanon",2011,0.733
"1529","Lebanon",2012,0.75
"1530","Lebanon",2013,0.785
"1531","Lebanon",2014,0.74
"1532","Lesotho",1995,0.761
"1533","Lesotho",1996,0.761
"1534","Lesotho",1997,0.761
"1535","Lesotho",1998,0.761
"1536","Lesotho",1999,0.761
"1537","Lesotho",2000,0.761
"1538","Lesotho",2001,0.761
"1539","Lesotho",2002,0.761
"1540","Lesotho",2003,0.761
"1541","Lesotho",2004,0.761
"1542","Lesotho",2005,0.761
"1543","Lesotho",2006,0.761
"1544","Lesotho",2007,0.761
"1545","Lesotho",2008,0.761
"1546","Lesotho",2009,0.74
"1547","Lesotho",2010,0.748
"1548","Lesotho",2011,0.748
"1549","Lesotho",2012,0.748
"1550","Lesotho",2013,0.851
"1551","Lesotho",2014,0.851
"1552","Liberia",1994,0.703
"1553","Liberia",1995,0.693
"1554","Liberia",1996,0.693
"1555","Liberia",1997,0.614
"1556","Liberia",1998,0.614
"1557","Liberia",1999,0.618
"1558","Liberia",2000,0.618
"1559","Liberia",2001,0.618
"1560","Liberia",2002,0.618
"1561","Liberia",2003,0.618
"1562","Liberia",2004,0.781
"1563","Liberia",2005,0.843
"1564","Liberia",2006,0.907
"1565","Liberia",2007,0.907
"1566","Liberia",2008,0.905
"1567","Liberia",2009,0.905
"1568","Liberia",2010,0.909
"1569","Liberia",2011,0.909
"1570","Liberia",2012,0.909
"1571","Liberia",2013,0.91
"1572","Liberia",2014,0.91
"1573","Libya",1994,0.071
"1574","Libya",1995,0.071
"1575","Libya",1996,0.071
"1576","Libya",1997,0.071
"1577","Libya",1998,0.071
"1578","Libya",1999,0.071
"1579","Libya",2000,0.071
"1580","Libya",2001,0.071
"1581","Libya",2002,0.071
"1582","Libya",2003,0.071
"1583","Libya",2004,0.071
"1584","Libya",2005,0.071
"1585","Libya",2006,0.074
"1586","Libya",2007,0.074
"1587","Libya",2008,0.071
"1588","Libya",2009,0.058
"1589","Libya",2010,0.067
"1590","Libya",2011,0.516
"1591","Libya",2012,0.747
"1592","Libya",2013,0.709
"1593","Libya",2014,0.543
"1594","Lithuania",1994,0.642
"1595","Lithuania",1995,0.642
"1596","Lithuania",1996,0.683
"1597","Lithuania",1997,0.673
"1598","Lithuania",1998,0.673
"1599","Lithuania",1999,0.673
"1600","Lithuania",2000,0.753
"1601","Lithuania",2001,0.74
"1602","Lithuania",2002,0.74
"1603","Lithuania",2003,0.74
"1604","Lithuania",2004,0.77
"1605","Lithuania",2005,0.738
"1606","Lithuania",2006,0.775
"1607","Lithuania",2007,0.721
"1608","Lithuania",2008,0.762
"1609","Lithuania",2009,0.776
"1610","Lithuania",2010,0.795
"1611","Lithuania",2011,0.724
"1612","Lithuania",2012,0.79
"1613","Lithuania",2013,0.77
"1614","Lithuania",2014,0.77
"1615","Madagascar",1994,0.757
"1616","Madagascar",1995,0.757
"1617","Madagascar",1996,0.751
"1618","Madagascar",1997,0.751
"1619","Madagascar",1998,0.751
"1620","Madagascar",1999,0.751
"1621","Madagascar",2000,0.751
"1622","Madagascar",2001,0.751
"1623","Madagascar",2002,0.758
"1624","Madagascar",2003,0.758
"1625","Madagascar",2004,0.758
"1626","Madagascar",2005,0.758
"1627","Madagascar",2006,0.758
"1628","Madagascar",2007,0.758
"1629","Madagascar",2008,0.758
"1630","Madagascar",2009,0.71
"1631","Madagascar",2010,0.69
"1632","Madagascar",2011,0.69
"1633","Madagascar",2012,0.69
"1634","Madagascar",2013,0.715
"1635","Madagascar",2014,0.747
"1636","Malawi",1994,0.467
"1637","Malawi",1995,0.734
"1638","Malawi",1996,0.734
"1639","Malawi",1997,0.734
"1640","Malawi",1998,0.734
"1641","Malawi",1999,0.765
"1642","Malawi",2000,0.688
"1643","Malawi",2001,0.688
"1644","Malawi",2002,0.682
"1645","Malawi",2003,0.682
"1646","Malawi",2004,0.754
"1647","Malawi",2005,0.824
"1648","Malawi",2006,0.797
"1649","Malawi",2007,0.797
"1650","Malawi",2008,0.797
"1651","Malawi",2009,0.823
"1652","Malawi",2010,0.835
"1653","Malawi",2011,0.814
"1654","Malawi",2012,0.819
"1655","Malawi",2013,0.798
"1656","Malawi",2014,0.81
"1657","Malaysia",1994,0.402
"1658","Malaysia",1995,0.402
"1659","Malaysia",1996,0.402
"1660","Malaysia",1997,0.402
"1661","Malaysia",1998,0.402
"1662","Malaysia",1999,0.402
"1663","Malaysia",2000,0.713
"1664","Malaysia",2001,0.713
"1665","Malaysia",2002,0.713
"1666","Malaysia",2003,0.713
"1667","Malaysia",2004,0.713
"1668","Malaysia",2005,0.713
"1669","Malaysia",2006,0.699
"1670","Malaysia",2007,0.699
"1671","Malaysia",2008,0.78
"1672","Malaysia",2009,0.78
"1673","Malaysia",2010,0.777
"1674","Malaysia",2011,0.777
"1675","Malaysia",2012,0.777
"1676","Malaysia",2013,0.726
"1677","Malaysia",2014,0.726
"1678","Maldives",1994,0.516
"1679","Maldives",1995,0.516
"1680","Maldives",1996,0.516
"1681","Maldives",1997,0.514
"1682","Maldives",1998,0.514
"1683","Maldives",1999,0.514
"1684","Maldives",2000,0.514
"1685","Maldives",2001,0.514
"1686","Maldives",2002,0.514
"1687","Maldives",2003,0.575
"1688","Maldives",2004,0.575
"1689","Maldives",2005,0.662
"1690","Maldives",2006,0.645
"1691","Maldives",2007,0.645
"1692","Maldives",2008,0.777
"1693","Maldives",2009,0.728
"1694","Maldives",2010,0.758
"1695","Maldives",2011,0.743
"1696","Maldives",2012,0.686
"1697","Maldives",2013,0.571
"1698","Maldives",2014,0.573
"1699","Mali",1994,0.909
"1700","Mali",1995,0.909
"1701","Mali",1996,0.909
"1702","Mali",1997,0.909
"1703","Mali",1998,0.909
"1704","Mali",1999,0.909
"1705","Mali",2000,0.909
"1706","Mali",2001,0.909
"1707","Mali",2002,0.909
"1708","Mali",2003,0.909
"1709","Mali",2004,0.909
"1710","Mali",2005,0.909
"1711","Mali",2006,0.909
"1712","Mali",2007,0.909
"1713","Mali",2008,0.909
"1714","Mali",2009,0.909
"1715","Mali",2010,0.909
"1716","Mali",2011,0.909
"1717","Mali",2012,0.914
"1718","Mali",2013,0.9
"1719","Mali",2014,0.882
"1720","Malta",1994,0.888
"1721","Malta",1995,0.888
"1722","Malta",1996,0.888
"1723","Malta",1997,0.888
"1724","Malta",1998,0.888
"1725","Malta",1999,0.888
"1726","Malta",2000,0.888
"1727","Malta",2001,0.888
"1728","Malta",2002,0.888
"1729","Malta",2003,0.888
"1730","Malta",2004,0.888
"1731","Malta",2005,0.888
"1732","Malta",2006,0.888
"1733","Malta",2007,0.888
"1734","Malta",2008,0.888
"1735","Malta",2009,0.888
"1736","Malta",2010,0.888
"1737","Malta",2011,0.888
"1738","Malta",2012,0.888
"1739","Malta",2013,0.845
"1740","Malta",2014,0.845
"1741","Mauritania",1994,0.405
"1742","Mauritania",1995,0.462
"1743","Mauritania",1996,0.462
"1744","Mauritania",1997,0.462
"1745","Mauritania",1998,0.462
"1746","Mauritania",1999,0.462
"1747","Mauritania",2000,0.602
"1748","Mauritania",2001,0.602
"1749","Mauritania",2002,0.602
"1750","Mauritania",2003,0.602
"1751","Mauritania",2004,0.602
"1752","Mauritania",2005,0.613
"1753","Mauritania",2006,0.586
"1754","Mauritania",2007,0.586
"1755","Mauritania",2008,0.554
"1756","Mauritania",2009,0.554
"1757","Mauritania",2010,0.554
"1758","Mauritania",2011,0.554
"1759","Mauritania",2012,0.554
"1760","Mauritania",2013,0.501
"1761","Mauritania",2014,0.547
"1762","Mauritius",1994,0.8
"1763","Mauritius",1995,0.8
"1764","Mauritius",1996,0.8
"1765","Mauritius",1997,0.8
"1766","Mauritius",1998,0.8
"1767","Mauritius",1999,0.8
"1768","Mauritius",2000,0.849
"1769","Mauritius",2001,0.849
"1770","Mauritius",2002,0.849
"1771","Mauritius",2003,0.849
"1772","Mauritius",2004,0.849
"1773","Mauritius",2005,0.849
"1774","Mauritius",2006,0.849
"1775","Mauritius",2007,0.849
"1776","Mauritius",2008,0.849
"1777","Mauritius",2009,0.849
"1778","Mauritius",2010,0.833
"1779","Mauritius",2011,0.833
"1780","Mauritius",2012,0.833
"1781","Mauritius",2013,0.821
"1782","Mauritius",2014,0.821
"1783","Mexico",1994,0.477
"1784","Mexico",1995,0.529
"1785","Mexico",1996,0.529
"1786","Mexico",1997,0.594
"1787","Mexico",1998,0.594
"1788","Mexico",1999,0.623
"1789","Mexico",2000,0.746
"1790","Mexico",2001,0.752
"1791","Mexico",2002,0.752
"1792","Mexico",2003,0.752
"1793","Mexico",2004,0.723
"1794","Mexico",2005,0.723
"1795","Mexico",2006,0.723
"1796","Mexico",2007,0.723
"1797","Mexico",2008,0.723
"1798","Mexico",2009,0.723
"1799","Mexico",2010,0.727
"1800","Mexico",2011,0.727
"1801","Mexico",2012,0.727
"1802","Mexico",2013,0.639
"1803","Mexico",2014,0.645
"1804","Moldova",1994,0.55
"1805","Moldova",1995,0.55
"1806","Moldova",1996,0.554
"1807","Moldova",1997,0.554
"1808","Moldova",1998,0.568
"1809","Moldova",1999,0.619
"1810","Moldova",2000,0.619
"1811","Moldova",2001,0.466
"1812","Moldova",2002,0.466
"1813","Moldova",2003,0.466
"1814","Moldova",2004,0.466
"1815","Moldova",2005,0.466
"1816","Moldova",2006,0.463
"1817","Moldova",2007,0.5
"1818","Moldova",2008,0.439
"1819","Moldova",2009,0.567
"1820","Moldova",2010,0.79
"1821","Moldova",2011,0.751
"1822","Moldova",2012,0.773
"1823","Moldova",2013,0.765
"1824","Moldova",2014,0.729
"1825","Mongolia",1994,0.765
"1826","Mongolia",1995,0.765
"1827","Mongolia",1996,0.765
"1828","Mongolia",1997,0.765
"1829","Mongolia",1998,0.755
"1830","Mongolia",1999,0.755
"1831","Mongolia",2000,0.769
"1832","Mongolia",2001,0.769
"1833","Mongolia",2002,0.769
"1834","Mongolia",2003,0.769
"1835","Mongolia",2004,0.749
"1836","Mongolia",2005,0.749
"1837","Mongolia",2006,0.765
"1838","Mongolia",2007,0.81
"1839","Mongolia",2008,0.79
"1840","Mongolia",2009,0.782
"1841","Mongolia",2010,0.78
"1842","Mongolia",2011,0.819
"1843","Mongolia",2012,0.8
"1844","Mongolia",2013,0.831
"1845","Mongolia",2014,0.792
"1846","Montenegro",2006,0.771
"1847","Montenegro",2007,0.776
"1848","Montenegro",2008,0.776
"1849","Montenegro",2009,0.816
"1850","Montenegro",2010,0.816
"1851","Montenegro",2011,0.816
"1852","Montenegro",2012,0.816
"1853","Montenegro",2013,0.752
"1854","Montenegro",2014,0.752
"1855","Morocco",1994,0.476
"1856","Morocco",1995,0.476
"1857","Morocco",1996,0.476
"1858","Morocco",1997,0.508
"1859","Morocco",1998,0.508
"1860","Morocco",1999,0.508
"1861","Morocco",2000,0.575
"1862","Morocco",2001,0.647
"1863","Morocco",2002,0.613
"1864","Morocco",2003,0.656
"1865","Morocco",2004,0.606
"1866","Morocco",2005,0.752
"1867","Morocco",2006,0.715
"1868","Morocco",2007,0.739
"1869","Morocco",2008,0.782
"1870","Morocco",2009,0.799
"1871","Morocco",2010,0.818
"1872","Morocco",2011,0.813
"1873","Morocco",2012,0.826
"1874","Morocco",2013,0.779
"1875","Morocco",2014,0.783
"1876","Mozambique",1994,0.578
"1877","Mozambique",1995,0.653
"1878","Mozambique",1996,0.696
"1879","Mozambique",1997,0.696
"1880","Mozambique",1998,0.696
"1881","Mozambique",1999,0.696
"1882","Mozambique",2000,0.72
"1883","Mozambique",2001,0.755
"1884","Mozambique",2002,0.755
"1885","Mozambique",2003,0.755
"1886","Mozambique",2004,0.79
"1887","Mozambique",2005,0.704
"1888","Mozambique",2006,0.704
"1889","Mozambique",2007,0.707
"1890","Mozambique",2008,0.694
"1891","Mozambique",2009,0.694
"1892","Mozambique",2010,0.702
"1893","Mozambique",2011,0.748
"1894","Mozambique",2012,0.702
"1895","Mozambique",2013,0.707
"1896","Mozambique",2014,0.73
"1897","Myanmar",1994,0.181
"1898","Myanmar",1995,0.181
"1899","Myanmar",1996,0.181
"1900","Myanmar",1997,0.181
"1901","Myanmar",1998,0.181
"1902","Myanmar",1999,0.181
"1903","Myanmar",2000,0.181
"1904","Myanmar",2001,0.181
"1905","Myanmar",2002,0.181
"1906","Myanmar",2003,0.181
"1907","Myanmar",2004,0.181
"1908","Myanmar",2005,0.181
"1909","Myanmar",2006,0.181
"1910","Myanmar",2007,0.181
"1911","Myanmar",2008,0.181
"1912","Myanmar",2009,0.181
"1913","Myanmar",2010,0.326
"1914","Myanmar",2011,0.554
"1915","Myanmar",2012,0.619
"1916","Myanmar",2013,0.623
"1917","Myanmar",2014,0.662
"1918","Namibia",1994,0.715
"1919","Namibia",1995,0.715
"1920","Namibia",1996,0.715
"1921","Namibia",1997,0.715
"1922","Namibia",1998,0.715
"1923","Namibia",1999,0.715
"1924","Namibia",2000,0.685
"1925","Namibia",2001,0.685
"1926","Namibia",2002,0.685
"1927","Namibia",2003,0.685
"1928","Namibia",2004,0.685
"1929","Namibia",2005,0.685
"1930","Namibia",2006,0.685
"1931","Namibia",2007,0.685
"1932","Namibia",2008,0.685
"1933","Namibia",2009,0.685
"1934","Namibia",2010,0.742
"1935","Namibia",2011,0.742
"1936","Namibia",2012,0.742
"1937","Namibia",2013,0.811
"1938","Namibia",2014,0.811
"1939","Nepal",1994,0.739
"1940","Nepal",1995,0.739
"1941","Nepal",1996,0.739
"1942","Nepal",1997,0.739
"1943","Nepal",1998,0.739
"1944","Nepal",1999,0.739
"1945","Nepal",2000,0.769
"1946","Nepal",2001,0.813
"1947","Nepal",2002,0.813
"1948","Nepal",2003,0.813
"1949","Nepal",2004,0.813
"1950","Nepal",2005,0.816
"1951","Nepal",2006,0.816
"1952","Nepal",2007,0.847
"1953","Nepal",2008,0.865
"1954","Nepal",2009,0.862
"1955","Nepal",2010,0.848
"1956","Nepal",2011,0.831
"1957","Nepal",2012,0.829
"1958","Nepal",2013,0.886
"1959","Nepal",2014,0.869
"1960","Nicaragua",1994,0.775
"1961","Nicaragua",1995,0.771
"1962","Nicaragua",1996,0.771
"1963","Nicaragua",1997,0.76
"1964","Nicaragua",1998,0.76
"1965","Nicaragua",1999,0.692
"1966","Nicaragua",2000,0.692
"1967","Nicaragua",2001,0.692
"1968","Nicaragua",2002,0.692
"1969","Nicaragua",2003,0.663
"1970","Nicaragua",2004,0.721
"1971","Nicaragua",2005,0.65
"1972","Nicaragua",2006,0.675
"1973","Nicaragua",2007,0.611
"1974","Nicaragua",2008,0.727
"1975","Nicaragua",2009,0.667
"1976","Nicaragua",2010,0.678
"1977","Nicaragua",2011,0.645
"1978","Nicaragua",2012,0.679
"1979","Nicaragua",2013,0.658
"1980","Nicaragua",2014,0.615
"1981","Niger",1994,0.851
"1982","Niger",1995,0.851
"1983","Niger",1996,0.851
"1984","Niger",1997,0.833
"1985","Niger",1998,0.854
"1986","Niger",1999,0.854
"1987","Niger",2000,0.863
"1988","Niger",2001,0.863
"1989","Niger",2002,0.863
"1990","Niger",2003,0.863
"1991","Niger",2004,0.863
"1992","Niger",2005,0.863
"1993","Niger",2006,0.863
"1994","Niger",2007,0.868
"1995","Niger",2008,0.864
"1996","Niger",2009,0.85
"1997","Niger",2010,0.932
"1998","Niger",2011,0.942
"1999","Niger",2012,0.938
"2000","Niger",2013,0.923
"2001","Niger",2014,0.922
"2002","Nigeria",1994,0.891
"2003","Nigeria",1995,0.821
"2004","Nigeria",1996,0.821
"2005","Nigeria",1997,0.807
"2006","Nigeria",1998,0.865
"2007","Nigeria",1999,0.866
"2008","Nigeria",2000,0.866
"2009","Nigeria",2001,0.866
"2010","Nigeria",2002,0.866
"2011","Nigeria",2003,0.866
"2012","Nigeria",2004,0.866
"2013","Nigeria",2005,0.866
"2014","Nigeria",2006,0.866
"2015","Nigeria",2007,0.866
"2016","Nigeria",2008,0.866
"2017","Nigeria",2009,0.866
"2018","Nigeria",2010,0.887
"2019","Nigeria",2011,0.903
"2020","Nigeria",2012,0.886
"2021","Nigeria",2013,0.884
"2022","Nigeria",2014,0.884
"2023","North Korea",1994,0.042
"2024","North Korea",1995,0.042
"2025","North Korea",1996,0.042
"2026","North Korea",1997,0.042
"2027","North Korea",1998,0.031
"2028","North Korea",1999,0.031
"2029","North Korea",2000,0.031
"2030","North Korea",2001,0.031
"2031","North Korea",2002,0.031
"2032","North Korea",2003,0.031
"2033","North Korea",2004,0.031
"2034","North Korea",2005,0.031
"2035","North Korea",2006,0.031
"2036","North Korea",2007,0.031
"2037","North Korea",2008,0.031
"2038","North Korea",2009,0.031
"2039","North Korea",2010,0.031
"2040","North Korea",2011,0.031
"2041","North Korea",2012,0.031
"2042","North Korea",2013,0.035
"2043","North Korea",2014,0.035
"2044","North Macedonia",1994,0.313
"2045","North Macedonia",1995,0.313
"2046","North Macedonia",1996,0.361
"2047","North Macedonia",1997,0.401
"2048","North Macedonia",1998,0.369
"2049","North Macedonia",1999,0.353
"2050","North Macedonia",2000,0.42
"2051","North Macedonia",2001,0.463
"2052","North Macedonia",2002,0.56
"2053","North Macedonia",2003,0.574
"2054","North Macedonia",2004,0.527
"2055","North Macedonia",2005,0.589
"2056","North Macedonia",2006,0.597
"2057","North Macedonia",2007,0.559
"2058","North Macedonia",2008,0.535
"2059","North Macedonia",2009,0.585
"2060","North Macedonia",2010,0.622
"2061","North Macedonia",2011,0.633
"2062","North Macedonia",2012,0.666
"2063","North Macedonia",2013,0.588
"2064","North Macedonia",2014,0.596
"2065","Oman",1994,0.349
"2066","Oman",1995,0.286
"2067","Oman",1996,0.287
"2068","Oman",1997,0.285
"2069","Oman",1998,0.285
"2070","Oman",1999,0.348
"2071","Oman",2000,0.302
"2072","Oman",2001,0.318
"2073","Oman",2002,0.318
"2074","Oman",2003,0.282
"2075","Oman",2004,0.333
"2076","Oman",2005,0.333
"2077","Oman",2006,0.333
"2078","Oman",2007,0.333
"2079","Oman",2008,0.301
"2080","Oman",2009,0.301
"2081","Oman",2010,0.309
"2082","Oman",2011,0.368
"2083","Oman",2012,0.423
"2084","Oman",2013,0.423
"2085","Oman",2014,0.396
"2086","Pakistan",1994,0.494
"2087","Pakistan",1995,0.494
"2088","Pakistan",1996,0.494
"2089","Pakistan",1997,0.494
"2090","Pakistan",1998,0.494
"2091","Pakistan",1999,0.629
"2092","Pakistan",2000,0.713
"2093","Pakistan",2001,0.713
"2094","Pakistan",2002,0.725
"2095","Pakistan",2003,0.725
"2096","Pakistan",2004,0.725
"2097","Pakistan",2005,0.725
"2098","Pakistan",2006,0.725
"2099","Pakistan",2007,0.725
"2100","Pakistan",2008,0.76
"2101","Pakistan",2009,0.724
"2102","Pakistan",2010,0.732
"2103","Pakistan",2011,0.732
"2104","Pakistan",2012,0.751
"2105","Pakistan",2013,0.688
"2106","Pakistan",2014,0.694
"2107","Panama",1994,0.681
"2108","Panama",1995,0.681
"2109","Panama",1996,0.681
"2110","Panama",1997,0.681
"2111","Panama",1998,0.681
"2112","Panama",1999,0.681
"2113","Panama",2000,0.714
"2114","Panama",2001,0.714
"2115","Panama",2002,0.714
"2116","Panama",2003,0.714
"2117","Panama",2004,0.714
"2118","Panama",2005,0.714
"2119","Panama",2006,0.714
"2120","Panama",2007,0.714
"2121","Panama",2008,0.714
"2122","Panama",2009,0.742
"2123","Panama",2010,0.75
"2124","Panama",2011,0.75
"2125","Panama",2012,0.75
"2126","Panama",2013,0.725
"2127","Panama",2014,0.725
"2128","Papua New Guinea",1994,0.686
"2129","Papua New Guinea",1995,0.686
"2130","Papua New Guinea",1996,0.686
"2131","Papua New Guinea",1997,0.686
"2132","Papua New Guinea",1998,0.686
"2133","Papua New Guinea",1999,0.686
"2134","Papua New Guinea",2000,0.686
"2135","Papua New Guinea",2001,0.686
"2136","Papua New Guinea",2002,0.686
"2137","Papua New Guinea",2003,0.686
"2138","Papua New Guinea",2004,0.686
"2139","Papua New Guinea",2005,0.686
"2140","Papua New Guinea",2006,0.686
"2141","Papua New Guinea",2007,0.686
"2142","Papua New Guinea",2008,0.686
"2143","Papua New Guinea",2009,0.686
"2144","Papua New Guinea",2010,0.686
"2145","Papua New Guinea",2011,0.686
"2146","Papua New Guinea",2012,0.686
"2147","Papua New Guinea",2013,0.686
"2148","Papua New Guinea",2014,0.696
"2149","Paraguay",1994,0.611
"2150","Paraguay",1995,0.611
"2151","Paraguay",1996,0.611
"2152","Paraguay",1997,0.611
"2153","Paraguay",1998,0.611
"2154","Paraguay",1999,0.611
"2155","Paraguay",2000,0.659
"2156","Paraguay",2001,0.659
"2157","Paraguay",2002,0.644
"2158","Paraguay",2003,0.644
"2159","Paraguay",2004,0.644
"2160","Paraguay",2005,0.644
"2161","Paraguay",2006,0.644
"2162","Paraguay",2007,0.644
"2163","Paraguay",2008,0.8
"2164","Paraguay",2009,0.764
"2165","Paraguay",2010,0.712
"2166","Paraguay",2011,0.717
"2167","Paraguay",2012,0.713
"2168","Paraguay",2013,0.611
"2169","Paraguay",2014,0.611
"2170","Peru",1994,0.425
"2171","Peru",1995,0.425
"2172","Peru",1996,0.425
"2173","Peru",1997,0.301
"2174","Peru",1998,0.301
"2175","Peru",1999,0.301
"2176","Peru",2000,0.515
"2177","Peru",2001,0.804
"2178","Peru",2002,0.821
"2179","Peru",2003,0.84
"2180","Peru",2004,0.84
"2181","Peru",2005,0.84
"2182","Peru",2006,0.77
"2183","Peru",2007,0.811
"2184","Peru",2008,0.811
"2185","Peru",2009,0.811
"2186","Peru",2010,0.8
"2187","Peru",2011,0.847
"2188","Peru",2012,0.847
"2189","Peru",2013,0.761
"2190","Peru",2014,0.761
"2191","Philippines",1994,0.84
"2192","Philippines",1995,0.84
"2193","Philippines",1996,0.84
"2194","Philippines",1997,0.84
"2195","Philippines",1998,0.84
"2196","Philippines",1999,0.84
"2197","Philippines",2000,0.84
"2198","Philippines",2001,0.84
"2199","Philippines",2002,0.84
"2200","Philippines",2003,0.84
"2201","Philippines",2004,0.84
"2202","Philippines",2005,0.833
"2203","Philippines",2006,0.833
"2204","Philippines",2007,0.833
"2205","Philippines",2008,0.874
"2206","Philippines",2009,0.874
"2207","Philippines",2010,0.869
"2208","Philippines",2011,0.869
"2209","Philippines",2012,0.869
"2210","Philippines",2013,0.869
"2211","Philippines",2014,0.869
"2212","Poland",1994,0.887
"2213","Poland",1995,0.887
"2214","Poland",1996,0.887
"2215","Poland",1997,0.887
"2216","Poland",1998,0.887
"2217","Poland",1999,0.887
"2218","Poland",2000,0.887
"2219","Poland",2001,0.887
"2220","Poland",2002,0.887
"2221","Poland",2003,0.887
"2222","Poland",2004,0.887
"2223","Poland",2005,0.887
"2224","Poland",2006,0.856
"2225","Poland",2007,0.892
"2226","Poland",2008,0.895
"2227","Poland",2009,0.898
"2228","Poland",2010,0.924
"2229","Poland",2011,0.886
"2230","Poland",2012,0.854
"2231","Poland",2013,0.866
"2232","Poland",2014,0.868
"2233","Qatar",1994,0.186
"2234","Qatar",1995,0.186
"2235","Qatar",1996,0.186
"2236","Qatar",1997,0.186
"2237","Qatar",1998,0.186
"2238","Qatar",1999,0.186
"2239","Qatar",2000,0.199
"2240","Qatar",2001,0.183
"2241","Qatar",2002,0.183
"2242","Qatar",2003,0.183
"2243","Qatar",2004,0.183
"2244","Qatar",2005,0.183
"2245","Qatar",2006,0.183
"2246","Qatar",2007,0.183
"2247","Qatar",2008,0.183
"2248","Qatar",2009,0.183
"2249","Qatar",2010,0.227
"2250","Qatar",2011,0.197
"2251","Qatar",2012,0.197
"2252","Qatar",2013,0.192
"2253","Qatar",2014,0.212
"2254","Romania",1994,0.64
"2255","Romania",1995,0.64
"2256","Romania",1996,0.685
"2257","Romania",1997,0.666
"2258","Romania",1998,0.666
"2259","Romania",1999,0.666
"2260","Romania",2000,0.684
"2261","Romania",2001,0.715
"2262","Romania",2002,0.715
"2263","Romania",2003,0.739
"2264","Romania",2004,0.739
"2265","Romania",2005,0.716
"2266","Romania",2006,0.716
"2267","Romania",2007,0.749
"2268","Romania",2008,0.791
"2269","Romania",2009,0.791
"2270","Romania",2010,0.787
"2271","Romania",2011,0.787
"2272","Romania",2012,0.787
"2273","Romania",2013,0.802
"2274","Romania",2014,0.802
"2275","Russia",1994,0.699
"2276","Russia",1995,0.699
"2277","Russia",1996,0.699
"2278","Russia",1997,0.699
"2279","Russia",1998,0.699
"2280","Russia",1999,0.628
"2281","Russia",2000,0.556
"2282","Russia",2001,0.544
"2283","Russia",2002,0.498
"2284","Russia",2003,0.498
"2285","Russia",2004,0.498
"2286","Russia",2005,0.415
"2287","Russia",2006,0.415
"2288","Russia",2007,0.439
"2289","Russia",2008,0.439
"2290","Russia",2009,0.437
"2291","Russia",2010,0.394
"2292","Russia",2011,0.403
"2293","Russia",2012,0.511
"2294","Russia",2013,0.434
"2295","Russia",2014,0.339
"2296","Rwanda",1994,0.3
"2297","Rwanda",1995,0.546
"2298","Rwanda",1996,0.546
"2299","Rwanda",1997,0.546
"2300","Rwanda",1998,0.546
"2301","Rwanda",1999,0.546
"2302","Rwanda",2000,0.571
"2303","Rwanda",2001,0.571
"2304","Rwanda",2002,0.571
"2305","Rwanda",2003,0.575
"2306","Rwanda",2004,0.724
"2307","Rwanda",2005,0.769
"2308","Rwanda",2006,0.756
"2309","Rwanda",2007,0.756
"2310","Rwanda",2008,0.767
"2311","Rwanda",2009,0.767
"2312","Rwanda",2010,0.758
"2313","Rwanda",2011,0.802
"2314","Rwanda",2012,0.802
"2315","Rwanda",2013,0.784
"2316","Rwanda",2014,0.755
"2317","Saudi Arabia",1994,0.193
"2318","Saudi Arabia",1995,0.193
"2319","Saudi Arabia",1996,0.158
"2320","Saudi Arabia",1997,0.197
"2321","Saudi Arabia",1998,0.173
"2322","Saudi Arabia",1999,0.178
"2323","Saudi Arabia",2000,0.177
"2324","Saudi Arabia",2001,0.181
"2325","Saudi Arabia",2002,0.181
"2326","Saudi Arabia",2003,0.196
"2327","Saudi Arabia",2004,0.22
"2328","Saudi Arabia",2005,0.217
"2329","Saudi Arabia",2006,0.233
"2330","Saudi Arabia",2007,0.233
"2331","Saudi Arabia",2008,0.239
"2332","Saudi Arabia",2009,0.239
"2333","Saudi Arabia",2010,0.249
"2334","Saudi Arabia",2011,0.253
"2335","Saudi Arabia",2012,0.248
"2336","Saudi Arabia",2013,0.245
"2337","Saudi Arabia",2014,0.22
"2338","Senegal",1994,0.72
"2339","Senegal",1995,0.76
"2340","Senegal",1996,0.76
"2341","Senegal",1997,0.76
"2342","Senegal",1998,0.76
"2343","Senegal",1999,0.76
"2344","Senegal",2000,0.849
"2345","Senegal",2001,0.849
"2346","Senegal",2002,0.849
"2347","Senegal",2003,0.849
"2348","Senegal",2004,0.849
"2349","Senegal",2005,0.849
"2350","Senegal",2006,0.849
"2351","Senegal",2007,0.849
"2352","Senegal",2008,0.845
"2353","Senegal",2009,0.845
"2354","Senegal",2010,0.803
"2355","Senegal",2011,0.803
"2356","Senegal",2012,0.845
"2357","Senegal",2013,0.784
"2358","Senegal",2014,0.723
"2359","Serbia",1994,0.177
"2360","Serbia",1995,0.177
"2361","Serbia",1996,0.177
"2362","Serbia",1997,0.177
"2363","Serbia",1998,0.294
"2364","Serbia",1999,0.294
"2365","Serbia",2000,0.652
"2366","Serbia",2001,0.657
"2367","Serbia",2002,0.683
"2368","Serbia",2003,0.72
"2369","Serbia",2004,0.666
"2370","Serbia",2005,0.666
"2371","Serbia",2006,0.69
"2372","Serbia",2007,0.69
"2373","Serbia",2008,0.673
"2374","Serbia",2009,0.668
"2375","Serbia",2010,0.718
"2376","Serbia",2011,0.718
"2377","Serbia",2012,0.666
"2378","Serbia",2013,0.624
"2379","Serbia",2014,0.62
"2380","Sierra Leone",1994,0.443
"2381","Sierra Leone",1995,0.443
"2382","Sierra Leone",1996,0.612
"2383","Sierra Leone",1997,0.657
"2384","Sierra Leone",1998,0.665
"2385","Sierra Leone",1999,0.665
"2386","Sierra Leone",2000,0.692
"2387","Sierra Leone",2001,0.692
"2388","Sierra Leone",2002,0.924
"2389","Sierra Leone",2003,0.924
"2390","Sierra Leone",2004,0.941
"2391","Sierra Leone",2005,0.941
"2392","Sierra Leone",2006,0.936
"2393","Sierra Leone",2007,0.936
"2394","Sierra Leone",2008,0.933
"2395","Sierra Leone",2009,0.933
"2396","Sierra Leone",2010,0.934
"2397","Sierra Leone",2011,0.934
"2398","Sierra Leone",2012,0.941
"2399","Sierra Leone",2013,0.911
"2400","Sierra Leone",2014,0.911
"2401","Singapore",1994,0.387
"2402","Singapore",1995,0.387
"2403","Singapore",1996,0.387
"2404","Singapore",1997,0.387
"2405","Singapore",1998,0.387
"2406","Singapore",1999,0.387
"2407","Singapore",2000,0.388
"2408","Singapore",2001,0.388
"2409","Singapore",2002,0.388
"2410","Singapore",2003,0.388
"2411","Singapore",2004,0.388
"2412","Singapore",2005,0.388
"2413","Singapore",2006,0.403
"2414","Singapore",2007,0.386
"2415","Singapore",2008,0.386
"2416","Singapore",2009,0.386
"2417","Singapore",2010,0.373
"2418","Singapore",2011,0.373
"2419","Singapore",2012,0.341
"2420","Singapore",2013,0.426
"2421","Singapore",2014,0.426
"2422","Slovakia",1994,0.707
"2423","Slovakia",1995,0.707
"2424","Slovakia",1996,0.707
"2425","Slovakia",1997,0.707
"2426","Slovakia",1998,0.726
"2427","Slovakia",1999,0.848
"2428","Slovakia",2000,0.848
"2429","Slovakia",2001,0.848
"2430","Slovakia",2002,0.769
"2431","Slovakia",2003,0.769
"2432","Slovakia",2004,0.769
"2433","Slovakia",2005,0.769
"2434","Slovakia",2006,0.75
"2435","Slovakia",2007,0.719
"2436","Slovakia",2008,0.762
"2437","Slovakia",2009,0.762
"2438","Slovakia",2010,0.755
"2439","Slovakia",2011,0.811
"2440","Slovakia",2012,0.857
"2441","Slovakia",2013,0.844
"2442","Slovakia",2014,0.844
"2443","Slovenia",1994,0.895
"2444","Slovenia",1995,0.893
"2445","Slovenia",1996,0.909
"2446","Slovenia",1997,0.904
"2447","Slovenia",1998,0.921
"2448","Slovenia",1999,0.921
"2449","Slovenia",2000,0.899
"2450","Slovenia",2001,0.885
"2451","Slovenia",2002,0.9
"2452","Slovenia",2003,0.919
"2453","Slovenia",2004,0.911
"2454","Slovenia",2005,0.857
"2455","Slovenia",2006,0.858
"2456","Slovenia",2007,0.858
"2457","Slovenia",2008,0.822
"2458","Slovenia",2009,0.921
"2459","Slovenia",2010,0.949
"2460","Slovenia",2011,0.87
"2461","Slovenia",2012,0.928
"2462","Slovenia",2013,0.894
"2463","Slovenia",2014,0.903
"2464","Solomon Islands",1994,0.556
"2465","Solomon Islands",1995,0.556
"2466","Solomon Islands",1996,0.556
"2467","Solomon Islands",1997,0.556
"2468","Solomon Islands",1998,0.556
"2469","Solomon Islands",1999,0.556
"2470","Solomon Islands",2000,0.556
"2471","Solomon Islands",2001,0.556
"2472","Solomon Islands",2002,0.556
"2473","Solomon Islands",2003,0.556
"2474","Solomon Islands",2004,0.556
"2475","Solomon Islands",2005,0.704
"2476","Solomon Islands",2006,0.704
"2477","Solomon Islands",2007,0.704
"2478","Solomon Islands",2008,0.704
"2479","Solomon Islands",2009,0.704
"2480","Solomon Islands",2010,0.696
"2481","Solomon Islands",2011,0.675
"2482","Solomon Islands",2012,0.675
"2483","Solomon Islands",2013,0.736
"2484","Solomon Islands",2014,0.741
"2485","Somalia",1994,0.325
"2486","Somalia",1995,0.325
"2487","Somalia",1996,0.325
"2488","Somalia",1997,0.325
"2489","Somalia",1998,0.325
"2490","Somalia",1999,0.325
"2491","Somalia",2000,0.457
"2492","Somalia",2001,0.457
"2493","Somalia",2002,0.457
"2494","Somalia",2003,0.457
"2495","Somalia",2004,0.457
"2496","Somalia",2005,0.457
"2497","Somalia",2006,0.408
"2498","Somalia",2007,0.466
"2499","Somalia",2008,0.382
"2500","Somalia",2009,0.423
"2501","Somalia",2010,0.56
"2502","Somalia",2011,0.518
"2503","Somalia",2012,0.6
"2504","Somalia",2013,0.585
"2505","Somalia",2014,0.585
"2506","South Africa",1994,0.891
"2507","South Africa",1995,0.899
"2508","South Africa",1996,0.915
"2509","South Africa",1997,0.915
"2510","South Africa",1998,0.881
"2511","South Africa",1999,0.881
"2512","South Africa",2000,0.886
"2513","South Africa",2001,0.886
"2514","South Africa",2002,0.886
"2515","South Africa",2003,0.886
"2516","South Africa",2004,0.886
"2517","South Africa",2005,0.886
"2518","South Africa",2006,0.886
"2519","South Africa",2007,0.886
"2520","South Africa",2008,0.886
"2521","South Africa",2009,0.886
"2522","South Africa",2010,0.879
"2523","South Africa",2011,0.879
"2524","South Africa",2012,0.879
"2525","South Africa",2013,0.829
"2526","South Africa",2014,0.829
"2527","South Korea",1994,0.779
"2528","South Korea",1995,0.779
"2529","South Korea",1996,0.779
"2530","South Korea",1997,0.779
"2531","South Korea",1998,0.927
"2532","South Korea",1999,0.927
"2533","South Korea",2000,0.921
"2534","South Korea",2001,0.921
"2535","South Korea",2002,0.94
"2536","South Korea",2003,0.919
"2537","South Korea",2004,0.927
"2538","South Korea",2005,0.927
"2539","South Korea",2006,0.927
"2540","South Korea",2007,0.92
"2541","South Korea",2008,0.87
"2542","South Korea",2009,0.87
"2543","South Korea",2010,0.868
"2544","South Korea",2011,0.885
"2545","South Korea",2012,0.885
"2546","South Korea",2013,0.778
"2547","South Korea",2014,0.778
"2548","South Sudan",2011,0.53
"2549","South Sudan",2012,0.492
"2550","South Sudan",2013,0.494
"2551","South Sudan",2014,0.432
"2552","Sri Lanka",1994,0.644
"2553","Sri Lanka",1995,0.693
"2554","Sri Lanka",1996,0.693
"2555","Sri Lanka",1997,0.693
"2556","Sri Lanka",1998,0.693
"2557","Sri Lanka",1999,0.693
"2558","Sri Lanka",2000,0.693
"2559","Sri Lanka",2001,0.802
"2560","Sri Lanka",2002,0.802
"2561","Sri Lanka",2003,0.802
"2562","Sri Lanka",2004,0.802
"2563","Sri Lanka",2005,0.505
"2564","Sri Lanka",2006,0.527
"2565","Sri Lanka",2007,0.467
"2566","Sri Lanka",2008,0.453
"2567","Sri Lanka",2009,0.423
"2568","Sri Lanka",2010,0.545
"2569","Sri Lanka",2011,0.544
"2570","Sri Lanka",2012,0.516
"2571","Sri Lanka",2013,0.614
"2572","Sri Lanka",2014,0.676
"2573","Sudan",1994,0.145
"2574","Sudan",1995,0.145
"2575","Sudan",1996,0.145
"2576","Sudan",1997,0.145
"2577","Sudan",1998,0.145
"2578","Sudan",1999,0.115
"2579","Sudan",2000,0.2
"2580","Sudan",2001,0.396
"2581","Sudan",2002,0.396
"2582","Sudan",2003,0.396
"2583","Sudan",2004,0.396
"2584","Sudan",2005,0.429
"2585","Sudan",2006,0.415
"2586","Sudan",2007,0.415
"2587","Sudan",2008,0.415
"2588","Sudan",2009,0.415
"2589","Sudan",2010,0.447
"2590","Sudan",2011,0.447
"2591","Sudan",2012,0.461
"2592","Sudan",2013,0.464
"2593","Sudan",2014,0.48
"2594","Suriname",1997,0.785
"2595","Suriname",1998,0.785
"2596","Suriname",1999,0.785
"2597","Suriname",2000,0.821
"2598","Suriname",2001,0.821
"2599","Suriname",2002,0.821
"2600","Suriname",2003,0.821
"2601","Suriname",2004,0.821
"2602","Suriname",2005,0.821
"2603","Suriname",2006,0.813
"2604","Suriname",2007,0.813
"2605","Suriname",2008,0.81
"2606","Suriname",2009,0.81
"2607","Suriname",2010,0.815
"2608","Suriname",2011,0.854
"2609","Suriname",2012,0.854
"2610","Suriname",2013,0.761
"2611","Suriname",2014,0.761
"2612","Syria",1994,0.108
"2613","Syria",1995,0.108
"2614","Syria",1996,0.108
"2615","Syria",1997,0.108
"2616","Syria",1998,0.108
"2617","Syria",1999,0.108
"2618","Syria",2000,0.139
"2619","Syria",2001,0.139
"2620","Syria",2002,0.101
"2621","Syria",2003,0.125
"2622","Syria",2004,0.061
"2623","Syria",2005,0.061
"2624","Syria",2006,0.068
"2625","Syria",2007,0.068
"2626","Syria",2008,0.108
"2627","Syria",2009,0.108
"2628","Syria",2010,0.107
"2629","Syria",2011,0.141
"2630","Syria",2012,0.095
"2631","Syria",2013,0.108
"2632","Syria",2014,0.112
"2633","Tajikistan",1994,0.357
"2634","Tajikistan",1995,0.32
"2635","Tajikistan",1996,0.32
"2636","Tajikistan",1997,0.369
"2637","Tajikistan",1998,0.386
"2638","Tajikistan",1999,0.386
"2639","Tajikistan",2000,0.331
"2640","Tajikistan",2001,0.352
"2641","Tajikistan",2002,0.352
"2642","Tajikistan",2003,0.352
"2643","Tajikistan",2004,0.35
"2644","Tajikistan",2005,0.29
"2645","Tajikistan",2006,0.34
"2646","Tajikistan",2007,0.323
"2647","Tajikistan",2008,0.323
"2648","Tajikistan",2009,0.316
"2649","Tajikistan",2010,0.344
"2650","Tajikistan",2011,0.325
"2651","Tajikistan",2012,0.328
"2652","Tajikistan",2013,0.225
"2653","Tajikistan",2014,0.225
"2654","Tanzania",1994,0.701
"2655","Tanzania",1995,0.796
"2656","Tanzania",1996,0.801
"2657","Tanzania",1997,0.801
"2658","Tanzania",1998,0.801
"2659","Tanzania",1999,0.801
"2660","Tanzania",2000,0.801
"2661","Tanzania",2001,0.801
"2662","Tanzania",2002,0.801
"2663","Tanzania",2003,0.801
"2664","Tanzania",2004,0.801
"2665","Tanzania",2005,0.794
"2666","Tanzania",2006,0.794
"2667","Tanzania",2007,0.794
"2668","Tanzania",2008,0.794
"2669","Tanzania",2009,0.794
"2670","Tanzania",2010,0.784
"2671","Tanzania",2011,0.784
"2672","Tanzania",2012,0.784
"2673","Tanzania",2013,0.792
"2674","Tanzania",2014,0.792
"2675","Thailand",1994,0.742
"2676","Thailand",1995,0.742
"2677","Thailand",1996,0.788
"2678","Thailand",1997,0.788
"2679","Thailand",1998,0.76
"2680","Thailand",1999,0.76
"2681","Thailand",2000,0.76
"2682","Thailand",2001,0.76
"2683","Thailand",2002,0.76
"2684","Thailand",2003,0.633
"2685","Thailand",2004,0.741
"2686","Thailand",2005,0.741
"2687","Thailand",2006,0.716
"2688","Thailand",2007,0.755
"2689","Thailand",2008,0.704
"2690","Thailand",2009,0.704
"2691","Thailand",2010,0.716
"2692","Thailand",2011,0.716
"2693","Thailand",2012,0.716
"2694","Thailand",2013,0.63
"2695","Thailand",2014,0.644
"2696","Timor-Leste",2011,0.724
"2697","Timor-Leste",2012,0.724
"2698","Timor-Leste",2013,0.724
"2699","Timor-Leste",2014,0.724
"2700","Togo",1994,0.541
"2701","Togo",1995,0.541
"2702","Togo",1996,0.541
"2703","Togo",1997,0.541
"2704","Togo",1998,0.541
"2705","Togo",1999,0.49
"2706","Togo",2000,0.49
"2707","Togo",2001,0.548
"2708","Togo",2002,0.548
"2709","Togo",2003,0.548
"2710","Togo",2004,0.583
"2711","Togo",2005,0.686
"2712","Togo",2006,0.804
"2713","Togo",2007,0.857
"2714","Togo",2008,0.858
"2715","Togo",2009,0.848
"2716","Togo",2010,0.857
"2717","Togo",2011,0.835
"2718","Togo",2012,0.822
"2719","Togo",2013,0.825
"2720","Togo",2014,0.849
"2721","Trinidad and Tobago",1994,0.851
"2722","Trinidad and Tobago",1995,0.796
"2723","Trinidad and Tobago",1996,0.796
"2724","Trinidad and Tobago",1997,0.796
"2725","Trinidad and Tobago",1998,0.796
"2726","Trinidad and Tobago",1999,0.796
"2727","Trinidad and Tobago",2000,0.868
"2728","Trinidad and Tobago",2001,0.868
"2729","Trinidad and Tobago",2002,0.868
"2730","Trinidad and Tobago",2003,0.868
"2731","Trinidad and Tobago",2004,0.868
"2732","Trinidad and Tobago",2005,0.868
"2733","Trinidad and Tobago",2006,0.868
"2734","Trinidad and Tobago",2007,0.868
"2735","Trinidad and Tobago",2008,0.868
"2736","Trinidad and Tobago",2009,0.868
"2737","Trinidad and Tobago",2010,0.862
"2738","Trinidad and Tobago",2011,0.862
"2739","Trinidad and Tobago",2012,0.862
"2740","Trinidad and Tobago",2013,0.876
"2741","Trinidad and Tobago",2014,0.876
"2742","Tunisia",1994,0.447
"2743","Tunisia",1995,0.447
"2744","Tunisia",1996,0.447
"2745","Tunisia",1997,0.447
"2746","Tunisia",1998,0.447
"2747","Tunisia",1999,0.357
"2748","Tunisia",2000,0.335
"2749","Tunisia",2001,0.335
"2750","Tunisia",2002,0.335
"2751","Tunisia",2003,0.335
"2752","Tunisia",2004,0.335
"2753","Tunisia",2005,0.335
"2754","Tunisia",2006,0.369
"2755","Tunisia",2007,0.369
"2756","Tunisia",2008,0.369
"2757","Tunisia",2009,0.369
"2758","Tunisia",2010,0.442
"2759","Tunisia",2011,0.829
"2760","Tunisia",2012,0.892
"2761","Tunisia",2013,0.928
"2762","Tunisia",2014,0.879
"2763","Turkey",1994,0.488
"2764","Turkey",1995,0.488
"2765","Turkey",1996,0.488
"2766","Turkey",1997,0.488
"2767","Turkey",1998,0.488
"2768","Turkey",1999,0.488
"2769","Turkey",2000,0.428
"2770","Turkey",2001,0.452
"2771","Turkey",2002,0.548
"2772","Turkey",2003,0.618
"2773","Turkey",2004,0.618
"2774","Turkey",2005,0.618
"2775","Turkey",2006,0.637
"2776","Turkey",2007,0.631
"2777","Turkey",2008,0.609
"2778","Turkey",2009,0.62
"2779","Turkey",2010,0.544
"2780","Turkey",2011,0.614
"2781","Turkey",2012,0.573
"2782","Turkey",2013,0.528
"2783","Turkey",2014,0.528
"2784","Turkmenistan",1994,0.121
"2785","Turkmenistan",1995,0.121
"2786","Turkmenistan",1996,0.121
"2787","Turkmenistan",1997,0.121
"2788","Turkmenistan",1998,0.121
"2789","Turkmenistan",1999,0.121
"2790","Turkmenistan",2000,0.121
"2791","Turkmenistan",2001,0.121
"2792","Turkmenistan",2002,0.121
"2793","Turkmenistan",2003,0.121
"2794","Turkmenistan",2004,0.121
"2795","Turkmenistan",2005,0.121
"2796","Turkmenistan",2006,0.121
"2797","Turkmenistan",2007,0.129
"2798","Turkmenistan",2008,0.129
"2799","Turkmenistan",2009,0.129
"2800","Turkmenistan",2010,0.129
"2801","Turkmenistan",2011,0.129
"2802","Turkmenistan",2012,0.129
"2803","Turkmenistan",2013,0.051
"2804","Turkmenistan",2014,0.051
"2805","Uganda",1994,0.82
"2806","Uganda",1995,0.873
"2807","Uganda",1996,0.898
"2808","Uganda",1997,0.861
"2809","Uganda",1998,0.861
"2810","Uganda",1999,0.861
"2811","Uganda",2000,0.861
"2812","Uganda",2001,0.916
"2813","Uganda",2002,0.846
"2814","Uganda",2003,0.846
"2815","Uganda",2004,0.846
"2816","Uganda",2005,0.846
"2817","Uganda",2006,0.878
"2818","Uganda",2007,0.859
"2819","Uganda",2008,0.823
"2820","Uganda",2009,0.875
"2821","Uganda",2010,0.877
"2822","Uganda",2011,0.887
"2823","Uganda",2012,0.854
"2824","Uganda",2013,0.794
"2825","Uganda",2014,0.797
"2826","Ukraine",1994,0.456
"2827","Ukraine",1995,0.484
"2828","Ukraine",1996,0.506
"2829","Ukraine",1997,0.525
"2830","Ukraine",1998,0.458
"2831","Ukraine",1999,0.509
"2832","Ukraine",2000,0.579
"2833","Ukraine",2001,0.601
"2834","Ukraine",2002,0.625
"2835","Ukraine",2003,0.559
"2836","Ukraine",2004,0.579
"2837","Ukraine",2005,0.746
"2838","Ukraine",2006,0.644
"2839","Ukraine",2007,0.677
"2840","Ukraine",2008,0.717
"2841","Ukraine",2009,0.705
"2842","Ukraine",2010,0.631
"2843","Ukraine",2011,0.616
"2844","Ukraine",2012,0.648
"2845","Ukraine",2013,0.638
"2846","Ukraine",2014,0.74
"2847","United Arab Emirates",1994,0.303
"2848","United Arab Emirates",1995,0.303
"2849","United Arab Emirates",1996,0.303
"2850","United Arab Emirates",1997,0.303
"2851","United Arab Emirates",1998,0.25
"2852","United Arab Emirates",1999,0.25
"2853","United Arab Emirates",2000,0.293
"2854","United Arab Emirates",2001,0.257
"2855","United Arab Emirates",2002,0.257
"2856","United Arab Emirates",2003,0.257
"2857","United Arab Emirates",2004,0.257
"2858","United Arab Emirates",2005,0.255
"2859","United Arab Emirates",2006,0.255
"2860","United Arab Emirates",2007,0.248
"2861","United Arab Emirates",2008,0.226
"2862","United Arab Emirates",2009,0.254
"2863","United Arab Emirates",2010,0.212
"2864","United Arab Emirates",2011,0.25
"2865","United Arab Emirates",2012,0.285
"2866","United Arab Emirates",2013,0.285
"2867","United Arab Emirates",2014,0.319
"2868","Uruguay",1994,0.916
"2869","Uruguay",1995,0.916
"2870","Uruguay",1996,0.916
"2871","Uruguay",1997,0.916
"2872","Uruguay",1998,0.916
"2873","Uruguay",1999,0.916
"2874","Uruguay",2000,0.916
"2875","Uruguay",2001,0.916
"2876","Uruguay",2002,0.916
"2877","Uruguay",2003,0.916
"2878","Uruguay",2004,0.916
"2879","Uruguay",2005,0.916
"2880","Uruguay",2006,0.916
"2881","Uruguay",2007,0.916
"2882","Uruguay",2008,0.916
"2883","Uruguay",2009,0.916
"2884","Uruguay",2010,0.937
"2885","Uruguay",2011,0.937
"2886","Uruguay",2012,0.937
"2887","Uruguay",2013,0.936
"2888","Uruguay",2014,0.936
"2889","Uzbekistan",1994,0.291
"2890","Uzbekistan",1995,0.291
"2891","Uzbekistan",1996,0.252
"2892","Uzbekistan",1997,0.252
"2893","Uzbekistan",1998,0.252
"2894","Uzbekistan",1999,0.252
"2895","Uzbekistan",2000,0.191
"2896","Uzbekistan",2001,0.191
"2897","Uzbekistan",2002,0.191
"2898","Uzbekistan",2003,0.191
"2899","Uzbekistan",2004,0.153
"2900","Uzbekistan",2005,0.153
"2901","Uzbekistan",2006,0.127
"2902","Uzbekistan",2007,0.111
"2903","Uzbekistan",2008,0.121
"2904","Uzbekistan",2009,0.121
"2905","Uzbekistan",2010,0.124
"2906","Uzbekistan",2011,0.102
"2907","Uzbekistan",2012,0.095
"2908","Uzbekistan",2013,0.151
"2909","Uzbekistan",2014,0.157
"2910","Venezuela",1994,0.797
"2911","Venezuela",1995,0.797
"2912","Venezuela",1996,0.838
"2913","Venezuela",1997,0.838
"2914","Venezuela",1998,0.797
"2915","Venezuela",1999,0.69
"2916","Venezuela",2000,0.496
"2917","Venezuela",2001,0.496
"2918","Venezuela",2002,0.575
"2919","Venezuela",2003,0.606
"2920","Venezuela",2004,0.606
"2921","Venezuela",2005,0.614
"2922","Venezuela",2006,0.551
"2923","Venezuela",2007,0.578
"2924","Venezuela",2008,0.489
"2925","Venezuela",2009,0.561
"2926","Venezuela",2010,0.582
"2927","Venezuela",2011,0.582
"2928","Venezuela",2012,0.485
"2929","Venezuela",2013,0.401
"2930","Venezuela",2014,0.368
"2931","Vietnam",1994,0.755
"2932","Vietnam",1995,0.755
"2933","Vietnam",1996,0.736
"2934","Vietnam",1997,0.737
"2935","Vietnam",1998,0.737
"2936","Vietnam",1999,0.737
"2937","Vietnam",2000,0.758
"2938","Vietnam",2001,0.758
"2939","Vietnam",2002,0.774
"2940","Vietnam",2003,0.774
"2941","Vietnam",2004,0.774
"2942","Vietnam",2005,0.774
"2943","Vietnam",2006,0.757
"2944","Vietnam",2007,0.799
"2945","Vietnam",2008,0.817
"2946","Vietnam",2009,0.79
"2947","Vietnam",2010,0.805
"2948","Vietnam",2011,0.805
"2949","Vietnam",2012,0.793
"2950","Vietnam",2013,0.774
"2951","Vietnam",2014,0.791
"2952","Yemen",1994,0.291
"2953","Yemen",1995,0.292
"2954","Yemen",1996,0.292
"2955","Yemen",1997,0.292
"2956","Yemen",1998,0.292
"2957","Yemen",1999,0.292
"2958","Yemen",2000,0.312
"2959","Yemen",2001,0.276
"2960","Yemen",2002,0.276
"2961","Yemen",2003,0.276
"2962","Yemen",2004,0.276
"2963","Yemen",2005,0.276
"2964","Yemen",2006,0.276
"2965","Yemen",2007,0.276
"2966","Yemen",2008,0.276
"2967","Yemen",2009,0.276
"2968","Yemen",2010,0.25
"2969","Yemen",2011,0.366
"2970","Yemen",2012,0.547
"2971","Yemen",2013,0.525
"2972","Yemen",2014,0.393
"2973","Zambia",1994,0.914
"2974","Zambia",1995,0.914
"2975","Zambia",1996,0.914
"2976","Zambia",1997,0.914
"2977","Zambia",1998,0.914
"2978","Zambia",1999,0.914
"2979","Zambia",2000,0.914
"2980","Zambia",2001,0.908
"2981","Zambia",2002,0.903
"2982","Zambia",2003,0.903
"2983","Zambia",2004,0.903
"2984","Zambia",2005,0.922
"2985","Zambia",2006,0.936
"2986","Zambia",2007,0.936
"2987","Zambia",2008,0.917
"2988","Zambia",2009,0.928
"2989","Zambia",2010,0.917
"2990","Zambia",2011,0.922
"2991","Zambia",2012,0.917
"2992","Zambia",2013,0.784
"2993","Zambia",2014,0.784
"2994","Zimbabwe",1994,0.676
"2995","Zimbabwe",1995,0.707
"2996","Zimbabwe",1996,0.707
"2997","Zimbabwe",1997,0.707
"2998","Zimbabwe",1998,0.635
"2999","Zimbabwe",1999,0.635
"3000","Zimbabwe",2000,0.665
"3001","Zimbabwe",2001,0.665
"3002","Zimbabwe",2002,0.665
"3003","Zimbabwe",2003,0.536
"3004","Zimbabwe",2004,0.536
"3005","Zimbabwe",2005,0.536
"3006","Zimbabwe",2006,0.536
"3007","Zimbabwe",2007,0.536
"3008","Zimbabwe",2008,0.536
"3009","Zimbabwe",2009,0.548
"3010","Zimbabwe",2010,0.62
"3011","Zimbabwe",2011,0.62
"3012","Zimbabwe",2012,0.62
"3013","Zimbabwe",2013,0.637
"3014","Zimbabwe",2014,0.614
